Variable,Nationality,Position,GP_17,MP_17,YC_17,RC_17,Goals17,Assists17,Shots17,Shots_On_Target17,Offsides17,Touches17,Passes17,Crosses17,Blocks17,Interceptions17,Tackles17,Clearances17,Jostles_Won17,Jostles_Lost17,Fouls17,Clean_Sheets17,Goals_Allowed17,Saves17,Punches17,High_Claims17,Goal_Kicks17,GP_16,MP_16,YC_16,RC_16,Goals16,Assists16,Shots16,Shots_On_Target16,Offsides16,Touches16,Passes16,Crosses16,Blocks16,Interceptions16,Tackles16,Clearances16,Jostles_Won16,Jostles_Lost16,Fouls16,Clean_Sheets16,Goals_Allowed16,Saves16,Punches16,High_Claims16,Goal_Kicks16,All_GP,All_MP,All_YC,All_RC,AllGoals,AllAssists,AllShots,AllShots_On_Target,AllOffsides,AllTouches,AllPasses,AllCrosses,AllBlocks,AllInterceptions,AllTackles,AllClearances,AllJostles_Won,AllJostles_Lost,AllFouls,AllClean_Sheets,AllGoals_Allowed,AllSaves,AllPunches,AllHigh_Claims,AllGoal_Kicks
Description,Where_the_player_is_a_citizen,Where_the_player_is_from,Games_Played,Minutes_Played,Fouls_that_disrupt_the_play_enough_deserving_of_a_yellow_card,When_the_player_either_recieves_two_yellow_cards_in_one_game_or_commits_a_penalty_deserving_of_a_red_card,Goals_Scored,The_pass_leading_to_a_goal,Shots,Shots_that_are_on_target_and_need_to_be_saved,When_the_attacking_player_is_behind_the_defending_player_when_the_ball_is_passed_to_the_attacking_player,Times_the_player_touched_the_ball,Passes_Completed,Elevated_passes_from_outside_the_box_into_the_front_of_the_goal,When_the_defensive_player_blocks_a_shot,When_the_defensive_player_intercepts_a_pass,When_the_defensive_player_disposseses_the_offensive_player_of_the_ball,When_the_defensive_player_gets_the_ball_out_of_their_end_of_the_field,The_amount_of_times_the_player_wins_an_aerial_battle,The_amount_of_times_the_player_loses_an_aerial_battle,The_amount_of_fouls_a_player_commits,The_number_of_times_the_goalkeeper_allows_zero_goals_in_a_game,How_many_goals_the_goalkeeper_allows,The_number_of_saves_the_goalkeeper_makes_on_shots,When_the_goalkeeper_punches_ball_away_from_the_goal_usually_on_crosses,When_the_goalkeeper_catches_a_cross,The_number_of_times_the_goalkeeper_kicks_the_ball_to_restart_play,Games_Played,Minutes_Played,Fouls_that_disrupt_the_play_enough_deserving_of_a_yellow_card,When_the_player_either_recieves_two_yellow_cards_in_one_game_or_commits_a_penalty_deserving_of_a_red_card,Goals_Scored,The_pass_leading_to_a_goal,Shots,Shots_that_are_on_target_and_need_to_be_saved,When_the_attacking_player_is_behind_the_defending_player_when_the_ball_is_passed_to_the_attacking_player,Times_the_player_touched_the_ball,Passes_Completed,Elevated_passes_from_outside_the_box_into_the_front_of_the_goal,When_the_defensive_player_blocks_a_shot,When_the_defensive_player_intercepts_a_pass,When_the_defensive_player_disposseses_the_offensive_player_of_the_ball,When_the_defensive_player_gets_the_ball_out_of_their_end_of_the_field,The_amount_of_times_the_player_wins_an_aerial_battle,The_amount_of_times_the_player_loses_an_aerial_battle,The_amount_of_fouls_a_player_commits,The_number_of_times_the_goalkeeper_allows_zero_goals_in_a_game,How_many_goals_the_goalkeeper_allows,The_number_of_saves_the_goalkeeper_makes_on_shots,When_the_goalkeeper_punches_ball_away_from_the_goal_usually_on_crosses,When_the_goalkeeper_catches_a_cross,The_number_of_times_the_goalkeeper_kicks_the_ball_to_restart_play,Games_Played,Minutes_Played,Fouls_that_disrupt_the_play_enough_deserving_of_a_yellow_card,When_the_player_either_recieves_two_yellow_cards_in_one_game_or_commits_a_penalty_deserving_of_a_red_card,Goals_Scored,The_pass_leading_to_a_goal,Shots,Shots_that_are_on_target_and_need_to_be_saved,When_the_attacking_player_is_behind_the_defending_player_when_the_ball_is_passed_to_the_attacking_player,Times_the_player_touched_the_ball,Passes_Completed,Elevated_passes_from_outside_the_box_into_the_front_of_the_goal,When_the_defensive_player_blocks_a_shot,When_the_defensive_player_intercepts_a_pass,When_the_defensive_player_disposseses_the_offensive_player_of_the_ball,When_the_defensive_player_gets_the_ball_out_of_their_end_of_the_field,The_amount_of_times_the_player_wins_an_aerial_battle,The_amount_of_times_the_player_loses_an_aerial_battle,The_amount_of_fouls_a_player_commits,The_number_of_times_the_goalkeeper_allows_zero_goals_in_a_game,How_many_goals_the_goalkeeper_allows,The_number_of_saves_the_goalkeeper_makes_on_shots,When_the_goalkeeper_punches_ball_away_from_the_goal_usually_on_crosses,When_the_goalkeeper_catches_a_cross,The_number_of_times_the_goalkeeper_kicks_the_ball_to_restart_play
Aaron Cresswell, England,D,36,3071,7,0,1,7,21,6,3,2095,1299,196,17,44,34,110,57,48,20,0,0,0,0,0,0,26,2117,2,1,0,2,11,2,4,1313,758,97,6,25,21,61,36,33,11,0,0,0,0,0,0,62,5188,9,1,1,9,32,8,7,3408,2057,293,23,69,55,171,93,81,31,0,0,0,0,0,0
Aaron Lennon, England,M,29,1916,2,0,0,2,14,5,1,797,468,38,6,19,37,16,12,19,21,0,0,0,0,0,0,11,509,0,0,0,1,5,0,0,216,134,11,1,3,13,9,0,5,1,0,0,0,0,0,0,40,2425,2,0,0,3,19,5,1,1013,602,49,7,22,50,25,12,24,22,0,0,0,0,0,0
Aaron Ramsey, Wales,M,24,1846,0,0,7,8,56,25,0,1588,1239,17,3,24,35,6,10,16,28,0,0,0,0,0,0,23,1229,3,0,1,4,42,12,2,1166,920,19,3,11,21,14,7,10,15,0,0,0,0,0,0,47,3075,3,0,8,12,98,37,2,2754,2159,36,6,35,56,20,17,26,43,0,0,0,0,0,0
Abdoulaye Doucoure, France,M,0,0,0,0,0,0,0,0,0,0,0,0,0,0,0,0,0,0,0,0,0,0,0,0,0,20,1359,4,0,1,0,22,8,0,1005,833,5,4,21,17,22,14,21,12,0,0,0,0,0,0,20,1359,4,0,1,0,22,8,0,1005,833,5,4,21,17,22,14,21,12,0,0,0,0,0,0
Adam Lallana, England,M,12,235,1,0,0,0,11,0,1,283,220,8,0,1,3,1,3,4,4,0,0,0,0,0,0,31,2346,3,0,8,7,50,20,12,1867,1407,48,2,20,51,21,22,43,17,0,0,0,0,0,0,43,2581,4,0,8,7,61,20,13,2150,1627,56,2,21,54,22,25,47,21,0,0,0,0,0,0
Adam Smith, England,D,27,2069,6,0,1,3,13,3,1,1501,912,35,8,31,49,56,15,28,23,0,0,0,0,0,0,36,3099,6,0,1,5,26,6,3,2374,1452,55,13,54,85,71,31,50,45,0,0,0,0,0,0,63,5168,12,0,2,8,39,9,4,3875,2364,90,21,85,134,127,46,78,68,0,0,0,0,0,0
Ademola Lookman, England,F,7,153,0,0,0,1,3,0,0,91,45,2,0,1,1,2,1,2,5,0,0,0,0,0,0,8,290,0,0,1,0,16,6,2,169,94,1,0,2,5,3,1,4,4,0,0,0,0,0,0,15,443,0,0,1,1,19,6,2,260,139,3,0,3,6,5,2,6,9,0,0,0,0,0,0
Adrian, Spain,GK,0,0,0,0,0,0,0,0,0,0,0,0,0,0,0,0,0,0,0,0,0,0,0,0,0,16,1440,1,0,0,0,0,0,0,571,417,0,0,0,0,10,2,2,0,6,25,53,5,19,130,16,1440,1,0,0,0,0,0,0,571,417,0,0,0,0,10,2,2,0,6,25,53,5,19,130
Adrian Mariappa, Jamaica,D,28,2208,4,0,0,0,10,2,0,1342,961,4,16,45,45,129,90,75,32,0,0,0,0,0,0,7,561,0,0,0,0,2,0,2,365,244,1,6,15,17,52,24,14,4,0,0,0,0,0,0,35,2769,4,0,0,0,12,2,2,1707,1205,5,22,60,62,181,114,89,36,0,0,0,0,0,0
Ainsley Maitland-Niles, England,M,15,908,1,0,0,0,5,0,0,810,536,20,1,12,25,22,6,14,10,0,0,0,0,0,0,1,1,0,0,0,0,0,0,0,6,4,0,0,0,1,0,0,0,0,0,0,0,0,0,0,16,909,1,0,0,0,5,0,0,816,540,20,1,12,26,22,6,14,10,0,0,0,0,0,0
Alberto Moreno, Spain,D,16,1264,1,0,0,0,12,2,0,1138,783,51,2,12,35,39,10,17,8,0,0,0,0,0,0,12,298,1,0,0,1,3,0,0,276,182,13,0,2,6,17,2,4,2,0,0,0,0,0,0,28,1562,2,0,0,1,15,2,0,1414,965,64,2,14,41,56,12,21,10,0,0,0,0,0,0
Alex Iwobi, Nigeria,M,26,1843,1,0,3,5,45,23,1,1437,1137,20,1,7,19,8,3,14,11,0,0,0,0,0,0,26,1462,1,0,3,3,39,11,3,1143,896,18,4,8,19,4,4,10,7,0,0,0,0,0,0,52,3305,2,0,6,8,84,34,4,2580,2033,38,5,15,38,12,7,24,18,0,0,0,0,0,0
Alex Oxlade-Chamberlain, England,M,35,1726,3,0,3,7,47,17,3,1308,836,86,2,26,37,13,15,33,17,0,0,0,0,0,0,29,1562,1,0,2,7,28,8,0,1223,774,68,2,11,37,22,15,30,30,0,0,0,0,0,0,64,3288,4,0,5,14,75,25,3,2531,1610,154,4,37,74,35,30,63,47,0,0,0,0,0,0
Alexis Sanchez, Chile,F,0,0,0,0,0,0,0,0,0,0,0,0,0,0,0,0,0,0,0,0,0,0,0,0,0,38,3223,6,0,24,10,129,49,27,2470,1643,66,1,24,53,4,14,51,49,0,0,0,0,0,0,38,3223,6,0,24,10,129,49,27,2470,1643,66,1,24,53,4,14,51,49,0,0,0,0,0,0
Alfie Mawson, England,D,38,3420,3,0,2,1,20,6,1,2211,1744,2,32,35,32,222,122,74,19,0,0,0,0,0,0,27,2430,1,0,4,0,22,5,0,1588,1218,1,27,30,29,169,84,52,10,0,0,0,0,0,0,65,5850,4,0,6,1,42,11,1,3799,2962,3,59,65,61,391,206,126,29,0,0,0,0,0,0
Allan Nyom, Cameroon,D,29,2308,7,0,0,1,3,0,0,1433,753,88,9,27,64,83,22,19,20,0,0,0,0,0,0,32,2637,8,0,0,2,6,1,2,1490,735,78,8,60,72,101,21,19,50,0,0,0,0,0,0,61,4945,15,0,0,3,9,1,2,2923,1488,166,17,87,136,184,43,38,70,0,0,0,0,0,0
Ander Herrera, Spain,M,26,1260,5,0,0,2,12,1,2,1318,1043,15,6,34,56,20,9,10,28,0,0,0,0,0,0,31,2464,5,0,1,6,38,6,0,2607,2089,50,7,81,84,51,27,17,47,0,0,0,0,0,0,57,3724,10,0,1,8,50,7,2,3925,3132,65,13,115,140,71,36,27,75,0,0,0,0,0,0
Andre Ayew, Ghana,F,0,0,0,0,0,0,0,0,0,0,0,0,0,0,0,0,0,0,0,0,0,0,0,0,0,25,1440,1,0,6,3,34,13,5,633,431,7,0,10,17,10,21,56,14,0,0,0,0,0,0,25,1440,1,0,6,3,34,13,5,633,431,7,0,10,17,10,21,56,14,0,0,0,0,0,0
Andre Gray, England,F,31,1496,1,0,5,2,34,13,12,491,299,9,0,4,2,3,17,53,11,0,0,0,0,0,0,32,2267,2,0,9,3,47,19,35,713,371,26,1,4,10,1,4,27,17,0,0,0,0,0,0,63,3763,3,0,14,5,81,32,47,1204,670,35,1,8,12,4,21,80,28,0,0,0,0,0,0
Andrew Robertson, Scotland,D,22,1943,2,0,1,5,12,2,5,1905,1421,88,2,26,31,49,15,10,15,0,0,0,0,0,0,33,2736,5,0,1,2,7,1,1,1949,1229,119,15,55,53,75,9,13,18,0,0,0,0,0,0,55,4679,7,0,2,7,19,3,6,3854,2650,207,17,81,84,124,24,23,33,0,0,0,0,0,0
Andrew Surman, England,M,25,1852,2,0,2,5,18,6,1,1423,1177,21,12,16,16,49,35,45,9,0,0,0,0,0,0,22,1792,1,0,0,1,8,2,0,1513,1318,6,4,43,15,38,17,29,17,0,0,0,0,0,0,47,3644,3,0,2,6,26,8,1,2936,2495,27,16,59,31,87,52,74,26,0,0,0,0,0,0
Andros Townsend, England,M,36,3129,3,0,2,7,62,14,6,1851,1023,176,1,35,60,21,4,13,10,0,0,0,0,0,0,36,2526,4,0,3,4,56,13,3,1518,685,236,3,43,77,19,3,13,18,0,0,0,0,0,0,72,5655,7,0,5,11,118,27,9,3369,1708,412,4,78,137,40,7,26,28,0,0,0,0,0,0
Andy Carroll, England,F,16,746,5,1,3,0,28,8,6,383,248,10,2,2,3,15,76,53,28,0,0,0,0,0,0,18,1313,3,0,7,1,39,14,4,655,435,10,2,6,5,38,164,92,24,0,0,0,0,0,0,34,2059,8,1,10,1,67,22,10,1038,683,20,4,8,8,53,240,145,52,0,0,0,0,0,0
Andy King, Wales,M,22,1253,2,0,3,0,14,5,1,705,560,13,2,11,26,26,15,14,9,0,0,0,0,0,0,23,1445,4,0,1,0,14,7,1,860,644,14,12,27,38,32,25,20,18,0,0,0,0,0,0,45,2698,6,0,4,0,28,12,2,1565,1204,27,14,38,64,58,40,34,27,0,0,0,0,0,0
Angel Rangel, Spain,D,4,155,0,0,0,0,0,0,0,137,95,6,0,3,4,3,1,5,1,0,0,0,0,0,0,18,823,1,0,1,0,5,3,1,797,545,11,3,26,32,31,13,13,10,0,0,0,0,0,0,22,978,1,0,1,0,5,3,1,934,640,17,3,29,36,34,14,18,11,0,0,0,0,0,0
Angelo Ogbonna, Italy,D,32,2880,3,0,1,0,8,2,0,1417,1013,2,27,58,30,191,80,73,15,0,0,0,0,0,0,20,1755,2,0,0,0,3,1,0,1054,805,4,14,37,27,96,44,18,13,0,0,0,0,0,0,52,4635,5,0,1,0,11,3,0,2471,1818,6,41,95,57,287,124,91,28,0,0,0,0,0,0
Anthony Martial, France,F,30,1581,1,0,9,5,49,16,8,1128,731,48,1,3,15,6,14,25,17,0,0,0,0,0,0,25,1559,2,0,4,6,42,18,6,992,608,56,1,9,17,9,21,37,26,0,0,0,0,0,0,55,3140,3,0,13,11,91,34,14,2120,1339,104,2,12,32,15,35,62,43,0,0,0,0,0,0
Antonio Valencia, Ecuador,D,31,2742,7,0,3,1,16,3,4,2364,1602,79,6,48,57,60,22,25,38,0,0,0,0,0,0,28,2483,5,0,1,3,9,4,7,2157,1370,142,7,43,67,58,22,25,33,0,0,0,0,0,0,59,5225,12,0,4,4,25,7,11,4521,2972,221,13,91,124,118,44,50,71,0,0,0,0,0,0
Arthur Masuaku, The Democratic Republic Of Congo,D,27,1871,5,0,0,3,9,3,2,1371,683,100,2,26,58,33,23,20,30,0,0,0,0,0,0,13,971,1,0,0,1,4,0,0,802,468,30,1,26,40,27,16,15,16,0,0,0,0,0,0,40,2842,6,0,0,4,13,3,2,2173,1151,130,3,52,98,60,39,35,46,0,0,0,0,0,0
Ashley Barnes, Austria,F,36,2157,10,0,9,0,60,22,26,926,510,16,5,2,21,18,89,227,53,0,0,0,0,0,0,28,1775,6,1,6,2,45,19,21,792,448,7,8,4,21,25,101,175,53,0,0,0,0,0,0,64,3932,16,1,15,2,105,41,47,1718,958,23,13,6,42,43,190,402,106,0,0,0,0,0,0
Ashley Westwood, England,M,19,1107,2,0,0,1,8,1,0,727,599,13,9,19,13,16,10,5,13,0,0,0,0,0,0,9,550,3,0,0,0,2,0,0,312,257,2,4,6,7,12,5,4,8,0,0,0,0,0,0,28,1657,5,0,0,1,10,1,0,1039,856,15,13,25,20,28,15,9,21,0,0,0,0,0,0
Ashley Williams, Wales,D,24,1832,3,1,1,0,13,3,3,1043,732,1,23,36,23,170,52,42,25,0,0,0,0,0,0,36,3158,7,0,1,3,15,6,3,2264,1720,0,27,57,53,287,82,62,38,0,0,0,0,0,0,60,4990,10,1,2,3,28,9,6,3307,2452,1,50,93,76,457,134,104,63,0,0,0,0,0,0
Ashley Young, England,D,30,2445,7,0,2,4,18,4,1,2083,1285,121,5,57,53,72,19,21,29,0,0,0,0,0,0,12,756,2,0,0,1,5,0,1,675,429,38,2,16,18,25,3,5,9,0,0,0,0,0,0,42,3201,9,0,2,5,23,4,2,2758,1714,159,7,73,71,97,22,26,38,0,0,0,0,0,0
Asmir Begovic, Bosnia And Herzegovina,GK,38,3420,2,0,0,0,0,0,0,1364,945,0,0,2,0,36,11,2,2,6,61,111,20,35,328,2,180,0,0,0,0,0,0,0,57,46,0,0,0,0,1,0,0,0,0,5,1,0,0,16,40,3600,2,0,0,0,0,0,0,1421,991,0,0,2,0,37,11,2,2,6,66,112,20,35,344
Axel Tuanzebe, England,D,1,1,0,0,0,0,0,0,0,0,0,0,0,0,0,0,0,0,0,0,0,0,0,0,0,4,305,0,0,0,0,2,0,0,188,143,0,0,7,9,8,2,5,6,0,0,0,0,0,0,5,306,0,0,0,0,2,0,0,188,143,0,0,7,9,8,2,5,6,0,0,0,0,0,0
Bakary Sako, Mali,F,16,468,0,0,3,0,17,6,4,246,131,27,0,1,7,0,11,16,8,0,0,0,0,0,0,7,136,0,0,0,0,4,1,1,92,42,16,0,0,6,0,3,2,2,0,0,0,0,0,0,23,604,0,0,3,0,21,7,5,338,173,43,0,1,13,0,14,18,10,0,0,0,0,0,0
Ben Chilwell, England,D,24,1852,1,1,0,2,6,1,4,1554,901,84,4,28,36,62,67,61,13,0,0,0,0,0,0,12,696,2,0,1,0,7,2,1,524,301,18,3,23,23,16,27,18,7,0,0,0,0,0,0,36,2548,3,1,1,2,13,3,5,2078,1202,102,7,51,59,78,94,79,20,0,0,0,0,0,0
Ben Davies, Wales,D,29,2325,3,0,2,6,18,6,0,2048,1304,149,5,28,47,62,45,50,24,0,0,0,0,0,0,23,1735,1,0,1,3,13,4,2,1606,1052,75,7,12,39,78,48,43,13,0,0,0,0,0,0,52,4060,4,0,3,9,31,10,2,3654,2356,224,12,40,86,140,93,93,37,0,0,0,0,0,0
Ben Foster, England,GK,37,3330,2,0,0,0,0,0,0,1325,1079,0,0,1,1,17,5,0,1,10,55,100,5,37,338,38,3420,2,0,0,0,1,0,0,1399,1119,0,0,1,0,23,8,0,0,6,51,116,10,53,325,75,6750,4,0,0,0,1,0,0,2724,2198,0,0,2,1,40,13,0,1,16,106,216,15,90,663
Ben Mee, England,D,29,2610,5,0,0,0,25,8,3,1517,1071,3,42,33,33,208,117,78,14,0,0,0,0,0,0,34,3015,5,0,1,0,16,6,0,1723,1146,4,46,72,47,300,126,77,23,0,0,0,0,0,0,63,5625,10,0,1,0,41,14,3,3240,2217,7,88,105,80,508,243,155,37,0,0,0,0,0,0
Ben Watson, England,M,8,458,1,0,0,0,1,0,0,304,236,4,1,7,19,9,10,7,11,0,0,0,0,0,0,4,51,0,0,0,0,0,0,0,33,25,0,0,4,2,1,0,2,2,0,0,0,0,0,0,12,509,1,0,0,0,1,0,0,337,261,4,1,11,21,10,10,9,13,0,0,0,0,0,0
Ben Woodburn, Wales,F,1,6,0,0,0,0,0,0,0,8,8,0,0,0,0,0,0,0,0,0,0,0,0,0,0,5,83,0,0,0,0,2,0,0,56,32,5,0,0,4,0,1,3,2,0,0,0,0,0,0,6,89,0,0,0,0,2,0,0,64,40,5,0,0,4,0,1,3,2,0,0,0,0,0,0
Benik Afobe, The Democratic Republic Of Congo,F,17,533,0,0,0,0,8,3,4,246,152,2,0,0,4,6,24,38,9,0,0,0,0,0,0,31,1454,1,0,6,3,39,18,14,487,297,2,2,5,9,19,40,65,21,0,0,0,0,0,0,48,1987,1,0,6,3,47,21,18,733,449,4,2,5,13,25,64,103,30,0,0,0,0,0,0
Bojan, Spain,F,1,72,0,0,0,0,1,0,0,38,25,2,0,0,0,0,0,0,1,0,0,0,0,0,0,9,475,1,0,3,0,10,4,0,292,188,25,1,3,8,5,1,3,4,0,0,0,0,0,0,10,547,1,0,3,0,11,4,0,330,213,27,1,3,8,5,1,3,5,0,0,0,0,0,0
Bruno Martins Indi, Netherlands,D,17,1246,3,0,0,0,4,1,1,521,351,4,11,21,21,76,25,21,12,0,0,0,0,0,0,35,3147,5,0,1,0,18,7,2,1563,1115,3,20,58,61,210,58,64,25,0,0,0,0,0,0,52,4393,8,0,1,0,22,8,3,2084,1466,7,31,79,82,286,83,85,37,0,0,0,0,0,0
Callum Wilson, England,F,28,1987,0,0,8,2,53,19,20,729,393,15,3,3,9,15,21,80,37,0,0,0,0,0,0,20,1363,0,0,6,0,31,12,18,417,191,9,3,5,6,1,5,28,30,0,0,0,0,0,0,48,3350,0,0,14,2,84,31,38,1146,584,24,6,8,15,16,26,108,67,0,0,0,0,0,0
Calum Chambers, England,D,12,869,1,0,0,0,10,3,0,784,600,7,11,18,17,44,28,30,10,0,0,0,0,0,0,25,2250,4,0,2,1,8,3,1,1616,1116,21,26,52,49,175,71,50,23,0,0,0,0,0,0,37,3119,5,0,2,1,18,6,1,2400,1716,28,37,70,66,219,99,80,33,0,0,0,0,0,0
Cedric Soares, Portugal,D,0,0,0,0,0,0,0,0,0,0,0,0,0,0,0,0,0,0,0,0,0,0,0,0,0,30,2520,7,0,0,3,20,6,2,2078,1256,144,7,33,83,76,27,52,22,0,0,0,0,0,0,30,2520,7,0,0,3,20,6,2,2078,1256,144,7,33,83,76,27,52,22,0,0,0,0,0,0
Cesar Azpilicueta, Spain,D,0,0,0,0,0,0,0,0,0,0,0,0,0,0,0,0,0,0,0,0,0,0,0,0,0,38,3420,4,0,1,4,18,6,2,3037,2459,41,8,71,84,119,81,69,27,0,0,0,0,0,0,38,3420,4,0,1,4,18,6,2,3037,2459,41,8,71,84,119,81,69,27,0,0,0,0,0,0
Cesc Fabregas, Spain,M,0,0,0,0,0,0,0,0,0,0,0,0,0,0,0,0,0,0,0,0,0,0,0,0,0,29,1327,8,0,5,12,26,9,0,1600,1326,85,2,16,30,16,9,14,23,0,0,0,0,0,0,29,1327,8,0,5,12,26,9,0,1600,1326,85,2,16,30,16,9,14,23,0,0,0,0,0,0
Charlie Adam, Scotland,M,11,408,2,1,0,0,10,3,0,369,246,30,0,9,9,9,7,5,8,0,0,0,0,0,0,24,1495,7,0,1,3,40,11,0,1196,868,85,7,21,19,24,33,16,41,0,0,0,0,0,0,35,1903,9,1,1,3,50,14,0,1565,1114,115,7,30,28,33,40,21,49,0,0,0,0,0,0
Charlie Austin, England,F,24,1030,2,0,7,0,48,25,14,422,244,2,3,1,7,10,41,71,16,0,0,0,0,0,0,15,939,1,0,6,1,37,17,8,419,255,9,1,4,14,13,43,50,14,0,0,0,0,0,0,39,1969,3,0,13,1,85,42,22,841,499,11,4,5,21,23,84,121,30,0,0,0,0,0,0
Charlie Daniels, England,D,35,3004,0,0,1,3,20,6,0,2401,1568,106,7,31,48,93,46,44,7,0,0,0,0,0,0,34,3060,1,0,4,3,19,6,0,2377,1616,86,14,50,58,78,34,39,12,0,0,0,0,0,0,69,6064,1,0,5,6,39,12,0,4778,3184,192,21,81,106,171,80,83,19,0,0,0,0,0,0
Cheikhou Kouyate, Senegal,M,0,0,0,0,0,0,0,0,0,0,0,0,0,0,0,0,0,0,0,0,0,0,0,0,0,31,2727,3,0,1,0,21,4,2,1622,1071,15,7,79,76,111,79,47,44,0,0,0,0,0,0,31,2727,3,0,1,0,21,4,2,1622,1071,15,7,79,76,111,79,47,44,0,0,0,0,0,0
Chris Brunt, Northern Ireland,M,26,1921,5,0,0,7,25,5,0,1323,882,139,4,21,41,40,16,15,15,0,0,0,0,0,0,31,2478,5,0,3,4,38,11,2,1526,910,176,4,33,36,54,27,21,17,0,0,0,0,0,0,57,4399,10,0,3,11,63,16,2,2849,1792,315,8,54,77,94,43,36,32,0,0,0,0,0,0
Chris Smalling, England,D,29,2535,4,0,4,0,13,6,2,1514,1137,0,28,63,40,159,108,52,24,0,0,0,0,0,0,18,1215,0,0,1,1,7,1,1,656,464,0,9,13,12,126,48,18,8,0,0,0,0,0,0,47,3750,4,0,5,1,20,7,3,2170,1601,0,37,76,52,285,156,70,32,0,0,0,0,0,0
Christian Benteke, Belgium,F,31,2236,6,0,3,5,60,21,12,1027,672,3,3,3,11,43,242,185,48,0,0,0,0,0,0,36,3137,10,0,15,2,105,40,36,1419,920,0,1,6,9,48,322,215,81,0,0,0,0,0,0,67,5373,16,0,18,7,165,61,48,2446,1592,3,4,9,20,91,564,400,129,0,0,0,0,0,0
Christian Eriksen, Denmark,M,37,3226,0,0,10,10,97,39,1,3016,2258,222,1,31,51,17,18,27,14,0,0,0,0,0,0,36,3164,0,0,8,15,133,45,2,2753,1977,245,0,21,45,20,21,35,20,0,0,0,0,0,0,73,6390,0,0,18,25,230,84,3,5769,4235,467,1,52,96,37,39,62,34,0,0,0,0,0,0
Christian Fuchs, Austria,D,25,1918,1,0,0,1,11,0,0,1516,896,71,3,58,41,70,61,37,12,0,0,0,0,0,0,36,3103,10,0,2,4,21,6,1,2279,1294,96,13,71,97,143,69,61,29,0,0,0,0,0,0,61,5021,11,0,2,5,32,6,1,3795,2190,167,16,129,138,213,130,98,41,0,0,0,0,0,0
Christian Kabasele, Belgium,D,28,2332,5,0,2,0,10,5,0,1265,903,1,23,34,42,173,103,46,31,0,0,0,0,0,0,16,767,1,0,2,0,7,3,0,410,238,10,2,17,15,40,18,19,13,0,0,0,0,0,0,44,3099,6,0,4,0,17,8,0,1675,1141,11,25,51,57,213,121,65,44,0,0,0,0,0,0
Claudio Bravo, Chile,GK,3,225,0,0,0,0,0,0,0,81,55,0,0,0,0,0,1,0,0,1,1,4,0,2,10,22,1969,0,0,0,0,0,0,0,830,664,0,0,0,0,18,4,1,0,5,26,33,12,15,121,25,2194,0,0,0,0,0,0,0,911,719,0,0,0,0,18,5,1,0,6,27,37,12,17,131
Claudio Yacob, Argentina,M,16,900,5,0,0,0,8,1,0,517,374,0,6,16,36,25,18,28,25,0,0,0,0,0,0,33,2417,9,0,0,0,9,0,0,1308,933,2,18,54,94,58,46,30,39,0,0,0,0,0,0,49,3317,14,0,0,0,17,1,0,1825,1307,2,24,70,130,83,64,58,64,0,0,0,0,0,0
Coutinho, Brazil,M,14,1116,0,0,7,6,54,17,4,996,690,58,0,10,17,2,1,7,5,0,0,0,0,0,0,31,2243,2,0,13,7,106,38,4,2038,1402,126,0,18,35,5,6,32,18,0,0,0,0,0,0,45,3359,2,0,20,13,160,55,8,3034,2092,184,0,28,52,7,7,39,23,0,0,0,0,0,0
Craig Cathcart, Northern Ireland,D,7,495,1,0,0,0,2,1,0,250,185,0,6,3,8,38,10,6,2,0,0,0,0,0,0,15,1161,3,0,0,1,3,1,0,566,364,4,14,18,23,52,23,15,13,0,0,0,0,0,0,22,1656,4,0,0,1,5,2,0,816,549,4,20,21,31,90,33,21,15,0,0,0,0,0,0
Craig Dawson, England,D,28,2509,6,0,2,0,16,4,4,1495,906,42,26,52,38,132,117,68,35,0,0,0,0,0,0,37,3278,10,0,4,0,21,8,2,1922,1017,85,29,58,58,149,131,93,53,0,0,0,0,0,0,65,5787,16,0,6,0,37,12,6,3417,1923,127,55,110,96,281,248,161,88,0,0,0,0,0,0
Cuco Martina, Curacao,D,21,1831,1,0,0,2,2,1,2,1353,780,45,4,42,61,117,23,35,26,0,0,0,0,0,0,9,591,0,0,0,0,1,0,1,497,307,37,1,15,11,16,4,8,4,0,0,0,0,0,0,30,2422,1,0,0,2,3,1,3,1850,1087,82,5,57,72,133,27,43,30,0,0,0,0,0,0
Daley Blind, Netherlands,D,7,361,0,0,0,0,3,0,0,325,224,26,0,7,6,12,8,6,4,0,0,0,0,0,0,23,1829,2,0,1,2,9,2,0,1566,1040,87,9,44,45,108,25,22,14,0,0,0,0,0,0,30,2190,2,0,1,2,12,2,0,1891,1264,113,9,51,51,120,33,28,18,0,0,0,0,0,0
Damien Delaney, Ireland,D,2,95,0,0,0,0,0,0,0,60,38,0,4,3,2,7,0,4,0,0,0,0,0,0,0,30,2007,8,0,0,2,5,1,0,1179,889,5,21,35,25,150,59,55,26,0,0,0,0,0,0,32,2102,8,0,0,2,5,1,0,1239,927,5,25,38,27,157,59,59,26,0,0,0,0,0,0
Dan Gosling, England,M,28,1943,8,0,2,1,22,8,2,1392,1062,6,8,25,50,25,54,58,38,0,0,0,0,0,0,27,1357,6,0,2,0,16,4,1,1102,825,7,4,28,50,18,14,32,25,0,0,0,0,0,0,55,3300,14,0,4,1,38,12,3,2494,1887,13,12,53,100,43,68,90,63,0,0,0,0,0,0
Daniel Amartey, Ghana,M,8,488,0,1,0,0,0,0,0,378,250,0,3,7,8,16,10,7,5,0,0,0,0,0,0,24,1666,3,0,1,1,14,5,0,1000,782,3,7,25,41,33,33,32,30,0,0,0,0,0,0,32,2154,3,1,1,1,14,5,0,1378,1032,3,10,32,49,49,43,39,35,0,0,0,0,0,0
Daniel Drinkwater, England,M,12,522,0,0,1,0,6,2,0,456,385,2,2,8,15,7,0,3,10,0,0,0,0,0,0,29,2467,6,0,1,1,31,3,1,2193,1745,27,12,40,84,52,38,45,46,0,0,0,0,0,0,41,2989,6,0,2,1,37,5,1,2649,2130,29,14,48,99,59,38,48,56,0,0,0,0,0,0
Daniel Sturridge, England,F,15,547,0,0,2,1,24,8,3,253,158,4,0,0,0,1,3,6,1,0,0,0,0,0,0,20,769,1,0,3,1,40,21,7,409,278,7,1,2,1,0,3,12,5,0,0,0,0,0,0,35,1316,1,0,5,2,64,29,10,662,436,11,1,2,1,1,6,18,6,0,0,0,0,0,0
Danny Rose, England,D,10,801,4,0,0,1,7,1,0,692,378,57,6,9,15,10,8,5,12,0,0,0,0,0,0,18,1533,8,0,2,2,23,5,1,1417,783,65,3,22,50,52,27,16,26,0,0,0,0,0,0,28,2334,12,0,2,3,30,6,1,2109,1161,122,9,31,65,62,35,21,38,0,0,0,0,0,0
Danny Simpson, England,D,28,2313,4,0,0,0,3,1,0,1519,904,23,19,34,38,94,40,46,21,0,0,0,0,0,0,35,2990,12,0,0,2,2,0,2,1812,1092,26,11,68,50,142,52,66,35,0,0,0,0,0,0,63,5303,16,0,0,2,5,1,2,3331,1996,49,30,102,88,236,92,112,56,0,0,0,0,0,0
Danny Welbeck, England,F,28,1185,1,0,5,2,32,13,4,610,392,2,1,11,20,12,24,33,13,0,0,0,0,0,0,16,746,0,0,2,2,19,8,2,314,192,1,1,6,8,10,17,14,7,0,0,0,0,0,0,44,1931,1,0,7,4,51,21,6,924,584,3,2,17,28,22,41,47,20,0,0,0,0,0,0
Darren Fletcher, Scotland,M,27,2222,0,0,1,1,11,2,0,1350,1048,49,3,26,47,31,21,21,14,0,0,0,0,0,0,38,3235,0,0,2,3,20,7,1,1608,1222,30,2,43,42,36,18,37,22,0,0,0,0,0,0,65,5457,0,0,3,4,31,9,1,2958,2270,79,5,69,89,67,39,58,36,0,0,0,0,0,0
Daryl Janmaat, Netherlands,D,23,1822,3,0,3,0,24,10,1,1300,768,68,5,33,46,53,27,17,14,0,0,0,0,0,0,27,1615,2,0,2,1,26,8,5,1035,604,52,3,20,45,35,21,21,17,0,0,0,0,0,0,50,3437,5,0,5,1,50,18,6,2335,1372,120,8,53,91,88,48,38,31,0,0,0,0,0,0
David De Gea, Spain,GK,37,3330,0,0,0,0,0,0,0,1249,942,0,0,0,0,15,2,1,0,18,28,115,6,16,290,35,3150,2,0,0,0,0,0,0,1079,849,0,0,0,0,11,1,1,0,14,29,74,3,27,235,72,6480,2,0,0,0,0,0,0,2328,1791,0,0,0,0,26,3,2,0,32,57,189,9,43,525
David Luiz, Brazil,D,10,839,4,1,1,0,11,4,0,641,492,1,5,24,18,41,17,16,12,0,0,0,0,0,0,33,2956,6,0,1,0,31,10,3,2036,1570,6,14,64,42,171,60,39,29,0,0,0,0,0,0,43,3795,10,1,2,0,42,14,3,2677,2062,7,19,88,60,212,77,55,41,0,0,0,0,0,0
David Ospina, Colombia,GK,5,380,0,0,0,0,0,0,0,169,117,0,0,0,0,5,5,0,0,2,3,9,4,6,28,2,142,0,0,0,0,0,0,0,59,44,0,0,0,0,3,1,0,0,0,4,4,0,1,11,7,522,0,0,0,0,0,0,0,228,161,0,0,0,0,8,6,0,0,2,7,13,4,7,39
David Silva, Spain,M,29,2435,5,0,9,11,54,20,4,2832,2429,74,5,18,32,6,17,11,21,0,0,0,0,0,0,34,2766,6,0,4,7,48,17,5,2648,2075,125,4,17,43,21,16,32,29,0,0,0,0,0,0,63,5201,11,0,13,18,102,37,9,5480,4504,199,9,35,75,27,33,43,50,0,0,0,0,0,0
Declan Rice, Ireland,D,26,1423,1,0,0,0,5,0,0,778,573,5,13,27,36,70,31,35,5,0,0,0,0,0,0,1,1,0,0,0,0,0,0,0,6,6,0,0,0,0,0,0,1,0,0,0,0,0,0,0,27,1424,1,0,0,0,5,0,0,784,579,5,13,27,36,70,31,36,5,0,0,0,0,0,0
Dejan Lovren, Croatia,D,29,2125,4,0,2,1,14,4,1,2089,1803,4,15,38,26,142,104,60,15,0,0,0,0,0,0,29,2554,6,0,2,1,15,5,1,2387,2001,7,16,45,41,182,103,57,25,0,0,0,0,0,0,58,4679,10,0,4,2,29,9,2,4476,3804,11,31,83,67,324,207,117,40,0,0,0,0,0,0
Dele Alli, England,M,36,2970,7,0,9,10,69,17,5,1951,1251,18,7,19,46,18,30,52,43,0,0,0,0,0,0,37,3043,4,0,18,7,94,44,11,2029,1328,22,1,11,52,17,14,26,50,0,0,0,0,0,0,73,6013,11,0,27,17,163,61,16,3980,2579,40,8,30,98,35,44,78,93,0,0,0,0,0,0
Demarai Gray, England,M,35,1690,2,0,3,1,36,9,4,961,557,86,0,11,17,11,5,24,7,0,0,0,0,0,0,30,1038,2,0,1,3,27,8,2,640,326,82,1,8,19,10,5,33,10,0,0,0,0,0,0,65,2728,4,0,4,4,63,17,6,1601,883,168,1,19,36,21,10,57,17,0,0,0,0,0,0
Diafra Sakho, Senegal,F,14,294,2,0,2,0,9,3,5,144,64,3,0,1,5,2,16,27,4,0,0,0,0,0,0,4,181,0,0,1,0,3,1,6,66,32,2,0,0,1,4,7,12,3,0,0,0,0,0,0,18,475,2,0,3,0,12,4,11,210,96,5,0,1,6,6,23,39,7,0,0,0,0,0,0
Divock Origi, Belgium,F,1,9,0,0,0,0,0,0,0,4,2,0,0,0,0,0,0,1,0,0,0,0,0,0,0,34,1459,0,0,7,3,38,15,13,724,391,31,2,3,11,2,31,89,22,0,0,0,0,0,0,35,1468,0,0,7,3,38,15,13,728,393,31,2,3,11,2,31,90,22,0,0,0,0,0,0
Dominic Calvert-Lewin, England,F,32,1875,4,0,4,6,43,17,15,845,493,19,1,10,15,22,135,170,43,0,0,0,0,0,0,11,345,1,0,1,0,7,1,1,165,87,0,1,5,7,7,17,6,4,0,0,0,0,0,0,43,2220,5,0,5,6,50,18,16,1010,580,19,2,15,22,29,152,176,47,0,0,0,0,0,0
Dusan Tadic, Serbia,F,36,2810,4,0,6,3,40,16,10,1744,1111,121,2,19,46,18,8,42,46,0,0,0,0,0,0,33,2426,4,0,3,5,63,21,9,1675,1061,184,2,17,19,10,4,14,30,0,0,0,0,0,0,69,5236,8,0,9,8,103,37,19,3419,2172,305,4,36,65,28,12,56,76,0,0,0,0,0,0
Eden Hazard, Belgium,F,34,2432,2,0,12,4,71,37,16,2010,1369,51,0,3,6,0,8,19,13,0,0,0,0,0,0,36,3002,3,0,16,5,77,33,8,2486,1750,84,0,28,18,4,20,34,19,0,0,0,0,0,0,70,5434,5,0,28,9,148,70,24,4496,3119,135,0,31,24,4,28,53,32,0,0,0,0,0,0
Edimilson Fernandes, Switzerland,M,14,845,1,0,0,1,7,1,0,413,268,7,1,16,17,4,10,16,5,0,0,0,0,0,0,28,986,4,0,0,0,20,4,1,687,473,11,2,19,22,10,3,12,16,0,0,0,0,0,0,42,1831,5,0,0,1,27,5,1,1100,741,18,3,35,39,14,13,28,21,0,0,0,0,0,0
Eldin Jakupovic, Switzerland,GK,2,180,0,0,0,0,0,0,0,71,43,0,0,0,0,5,1,0,0,0,6,8,1,0,14,22,1980,0,0,0,0,0,0,0,856,637,0,0,1,0,20,6,0,0,5,36,74,11,18,228,24,2160,0,0,0,0,0,0,0,927,680,0,0,1,0,25,7,0,0,5,42,82,12,18,242
Emre Can, Germany,M,26,2094,8,0,3,4,27,8,0,1909,1543,11,4,28,67,32,46,49,27,0,0,0,0,0,0,32,2368,6,0,5,2,45,11,2,2097,1659,23,3,32,66,52,68,57,70,0,0,0,0,0,0,58,4462,14,0,8,6,72,19,2,4006,3202,34,7,60,133,84,114,106,97,0,0,0,0,0,0
Eric Bailly, Cote D'Ivoire,D,13,1000,2,0,1,0,3,1,0,575,426,0,6,25,17,56,17,8,10,0,0,0,0,0,0,25,2060,4,0,0,0,6,1,0,1273,876,2,16,60,60,126,37,30,28,0,0,0,0,0,0,38,3060,6,0,1,0,9,2,0,1848,1302,2,22,85,77,182,54,38,38,0,0,0,0,0,0
Eric Dier, England,M,34,2827,4,0,0,2,32,7,1,2644,2248,26,11,48,61,82,83,62,23,0,0,0,0,0,0,36,3044,6,0,2,0,23,7,3,2402,1981,20,17,35,48,149,73,55,24,0,0,0,0,0,0,70,5871,10,0,2,2,55,14,4,5046,4229,46,28,83,109,231,156,117,47,0,0,0,0,0,0
Erik Lamela, Argentina,M,25,832,4,0,2,2,20,6,3,655,446,25,1,7,23,4,6,14,24,0,0,0,0,0,0,9,592,1,0,1,1,18,7,1,475,305,26,0,5,13,1,3,6,13,0,0,0,0,0,0,34,1424,5,0,3,3,38,13,4,1130,751,51,1,12,36,5,9,20,37,0,0,0,0,0,0
Erik Pieters, Netherlands,D,31,2720,5,0,0,1,3,1,2,1779,1000,64,25,61,71,106,53,46,58,0,0,0,0,0,0,36,3151,4,0,0,1,9,0,1,2338,1331,109,20,54,106,110,54,39,60,0,0,0,0,0,0,67,5871,9,0,0,2,12,1,3,4117,2331,173,45,115,177,216,107,85,118,0,0,0,0,0,0
Etienne Capoue, France,M,23,1541,3,0,1,0,23,3,1,1141,875,4,1,43,43,35,42,23,21,0,0,0,0,0,0,37,3212,5,0,7,1,50,19,1,2056,1483,78,7,59,61,25,33,35,51,0,0,0,0,0,0,60,4753,8,0,8,1,73,22,2,3197,2358,82,8,102,104,60,75,58,72,0,0,0,0,0,0
Fabian Delph, England,M,22,1746,2,0,1,2,10,3,0,2043,1614,13,0,30,46,35,21,31,15,0,0,0,0,0,0,7,220,1,0,1,0,6,2,0,270,225,1,1,7,7,4,4,3,6,0,0,0,0,0,0,29,1966,3,0,2,2,16,5,0,2313,1839,14,1,37,53,39,25,34,21,0,0,0,0,0,0
Federico Fernandez, Argentina,D,0,0,0,0,0,0,0,0,0,0,0,0,0,0,0,0,0,0,0,0,0,0,0,0,0,27,2430,7,0,0,2,15,2,0,1523,1133,5,20,50,44,187,69,36,26,0,0,0,0,0,0,27,2430,7,0,0,2,15,2,0,1523,1133,5,20,50,44,187,69,36,26,0,0,0,0,0,0
Fernandinho, Brazil,M,34,2885,7,0,5,3,47,19,0,3410,2975,9,6,47,62,65,94,76,41,0,0,0,0,0,0,32,2754,4,2,2,1,36,11,1,2732,2180,23,5,65,82,60,52,52,48,0,0,0,0,0,0,66,5639,11,2,7,4,83,30,1,6142,5155,32,11,112,144,125,146,128,89,0,0,0,0,0,0
Fernando Llorente, Spain,F,16,225,1,0,1,0,6,2,2,130,88,0,0,0,6,6,15,17,4,0,0,0,0,0,0,33,2453,2,0,15,1,52,26,12,1253,900,8,4,2,18,36,156,125,51,0,0,0,0,0,0,49,2678,3,0,16,1,58,28,14,1383,988,8,4,2,24,42,171,142,55,0,0,0,0,0,0
Francis Coquelin, France,M,7,156,0,0,0,0,1,0,0,114,96,0,0,3,5,2,2,2,2,0,0,0,0,0,0,29,1785,5,0,0,0,14,3,0,1535,1180,4,8,52,71,32,36,17,33,0,0,0,0,0,0,36,1941,5,0,0,0,15,3,0,1649,1276,4,8,55,76,34,38,19,35,0,0,0,0,0,0
Fraser Forster, England,GK,20,1800,0,0,0,0,0,0,0,605,444,0,0,0,0,9,1,0,0,4,30,68,2,10,146,38,3420,3,0,0,0,0,0,0,1101,859,0,0,0,0,18,4,1,0,14,48,76,12,26,311,58,5220,3,0,0,0,0,0,0,1706,1303,0,0,0,0,27,5,1,0,18,78,144,14,36,457
Gabriel Jesus, Brazil,F,29,1671,6,0,13,3,56,33,15,860,591,2,0,8,23,6,21,45,28,0,0,0,0,0,0,10,650,2,0,7,4,24,13,9,357,242,2,0,2,5,1,8,14,11,0,0,0,0,0,0,39,2321,8,0,20,7,80,46,24,1217,833,4,0,10,28,7,29,59,39,0,0,0,0,0,0
Gareth Barry, England,M,25,1927,4,0,1,1,16,6,1,1187,927,28,11,14,35,32,32,36,28,0,0,0,0,0,0,33,2112,10,0,2,1,17,7,1,1732,1376,22,22,35,70,57,32,24,48,0,0,0,0,0,0,58,4039,14,0,3,2,33,13,2,2919,2303,50,33,49,105,89,64,60,76,0,0,0,0,0,0
Gareth McAuley, Northern Ireland,D,9,456,0,0,0,0,0,0,0,178,125,1,4,11,8,15,15,10,2,0,0,0,0,0,0,36,3143,5,0,6,1,16,7,0,1265,742,4,31,71,50,227,113,47,27,0,0,0,0,0,0,45,3599,5,0,6,1,16,7,0,1443,867,5,35,82,58,242,128,57,29,0,0,0,0,0,0
Gary Cahill, England,D,27,2084,1,1,0,0,10,3,0,1616,1330,0,14,27,29,123,93,31,17,0,0,0,0,0,0,37,3296,5,0,6,0,24,10,2,2273,1849,1,19,46,53,167,91,56,34,0,0,0,0,0,0,64,5380,6,1,6,0,34,13,2,3889,3179,1,33,73,82,290,184,87,51,0,0,0,0,0,0
Geoff Cameron, United States,D,20,1524,2,0,0,0,5,0,0,833,506,9,8,36,34,61,39,32,16,0,0,0,0,0,0,19,1628,1,0,0,1,11,5,1,1119,787,14,14,32,48,47,55,43,17,0,0,0,0,0,0,39,3152,3,0,0,1,16,5,1,1952,1293,23,22,68,82,108,94,75,33,0,0,0,0,0,0
Georges-Kevin Nkoudou, France,M,0,0,0,0,0,0,0,0,0,0,0,0,0,0,0,0,0,0,0,0,0,0,0,0,0,8,49,0,0,0,0,2,1,0,64,30,7,0,0,0,3,0,0,2,0,0,0,0,0,0,8,49,0,0,0,0,2,1,0,64,30,7,0,0,0,3,0,0,2,0,0,0,0,0,0
Georginio Wijnaldum, Netherlands,M,33,2387,1,0,1,2,38,10,4,1593,1266,2,2,25,34,19,16,29,13,0,0,0,0,0,0,36,2975,2,0,6,9,60,20,3,2044,1625,13,2,26,46,32,39,39,22,0,0,0,0,0,0,69,5362,3,0,7,11,98,30,7,3637,2891,15,4,51,80,51,55,68,35,0,0,0,0,0,0
Gerard Deulofeu, Spain,F,7,438,0,0,1,0,8,4,1,246,142,15,0,4,5,2,0,6,3,0,0,0,0,0,0,11,457,1,0,0,0,7,3,10,291,164,37,0,4,6,0,0,4,2,0,0,0,0,0,0,18,895,1,0,1,0,15,7,11,537,306,52,0,8,11,2,0,10,5,0,0,0,0,0,0
Glen Johnson, England,D,9,550,3,0,0,0,2,1,0,313,188,8,2,10,7,22,6,1,6,0,0,0,0,0,0,23,1955,1,0,0,0,8,4,0,1278,740,32,11,38,49,65,22,12,12,0,0,0,0,0,0,32,2505,4,0,0,0,10,5,0,1591,928,40,13,48,56,87,28,13,18,0,0,0,0,0,0
Granit Xhaka, Switzerland,M,38,3266,10,0,1,7,66,17,0,3688,3116,102,9,37,78,64,49,50,57,0,0,0,0,0,0,32,2486,5,2,2,2,34,9,1,2681,2298,26,5,38,77,33,33,25,37,0,0,0,0,0,0,70,5752,15,2,3,9,100,26,1,6369,5414,128,14,75,155,97,82,75,94,0,0,0,0,0,0
Gylfi Sigurdsson, Iceland,M,27,2262,2,0,4,3,39,12,1,1211,700,150,7,34,38,30,19,39,19,0,0,0,0,0,0,38,3328,2,0,9,13,116,50,1,1905,1038,304,3,35,45,23,7,17,18,0,0,0,0,0,0,65,5590,4,0,13,16,155,62,2,3116,1738,454,10,69,83,53,26,56,37,0,0,0,0,0,0
Hal Robson-Kanu, Wales,F,21,822,2,1,2,0,19,8,6,380,184,19,3,4,5,9,24,45,20,0,0,0,0,0,0,29,683,3,0,3,2,16,6,5,324,166,12,0,4,5,8,19,37,28,0,0,0,0,0,0,50,1505,5,1,5,2,35,14,11,704,350,31,3,8,10,17,43,82,48,0,0,0,0,0,0
Harry Arter, Ireland,M,13,961,4,0,1,0,11,1,0,708,586,5,5,9,19,5,6,2,9,0,0,0,0,0,0,35,2959,11,1,1,4,54,11,0,2479,2004,21,13,48,83,31,5,8,34,0,0,0,0,0,0,48,3920,15,1,2,4,65,12,0,3187,2590,26,18,57,102,36,11,10,43,0,0,0,0,0,0
Harry Kane, England,F,37,3083,5,0,30,2,184,76,42,1263,657,20,4,5,17,19,60,78,34,0,0,0,0,0,0,30,2531,3,0,29,7,110,58,17,1116,597,29,0,4,22,21,46,66,23,0,0,0,0,0,0,67,5614,8,0,59,9,294,134,59,2379,1254,49,4,9,39,40,106,144,57,0,0,0,0,0,0
Harry Maguire, England,D,38,3420,7,0,2,4,30,8,4,2315,1740,15,28,48,63,176,119,63,34,0,0,0,0,0,0,29,2307,5,0,2,2,34,10,3,1686,1182,15,27,63,54,141,69,29,24,0,0,0,0,0,0,67,5727,12,0,4,6,64,18,7,4001,2922,30,55,111,117,317,188,92,58,0,0,0,0,0,0
Harry Winks, England,M,16,771,0,0,0,1,3,0,0,761,642,10,2,11,15,8,4,6,8,0,0,0,0,0,0,21,477,1,0,1,1,6,2,0,451,366,7,2,5,10,6,1,4,10,0,0,0,0,0,0,37,1248,1,0,1,2,9,2,0,1212,1008,17,4,16,25,14,5,10,18,0,0,0,0,0,0
Hector Bellerin, Spain,D,0,0,0,0,0,0,0,0,0,0,0,0,0,0,0,0,0,0,0,0,0,0,0,0,0,33,2499,4,0,1,4,22,5,0,2069,1392,69,7,36,24,46,31,43,20,0,0,0,0,0,0,33,2499,4,0,1,4,22,5,0,2069,1392,69,7,36,24,46,31,43,20,0,0,0,0,0,0
Henrikh Mkhitaryan, Armenia,M,26,1727,2,0,3,9,36,16,4,1407,980,84,2,15,33,5,19,23,23,0,0,0,0,0,0,24,1349,1,0,4,1,33,16,8,1137,775,48,0,22,23,12,10,24,19,0,0,0,0,0,0,50,3076,3,0,7,10,69,32,12,2544,1755,132,2,37,56,17,29,47,42,0,0,0,0,0,0
Heurelho Gomes, Brazil,GK,24,2129,0,0,0,0,0,0,0,890,630,0,0,2,0,39,13,0,1,5,40,61,24,15,179,38,3339,1,0,0,0,0,0,0,1460,1034,0,0,2,0,58,13,0,1,6,64,115,35,52,310,62,5468,1,0,0,0,0,0,0,2350,1664,0,0,4,0,97,26,0,2,11,104,176,59,67,489
Hugo Lloris, France,GK,36,3240,1,0,0,0,0,0,0,1358,996,0,0,2,1,54,9,2,1,15,35,86,20,17,227,34,3005,0,0,0,0,0,0,0,1365,1060,0,0,1,0,32,6,1,0,15,24,78,11,20,213,70,6245,1,0,0,0,0,0,0,2723,2056,0,0,3,1,86,15,3,1,30,59,164,31,37,440
Ibrahim Afellay, Netherlands,M,6,163,1,0,0,0,0,0,0,94,81,0,0,1,3,1,0,0,1,0,0,0,0,0,0,12,377,0,0,0,0,6,1,2,262,189,15,0,4,3,1,1,4,3,0,0,0,0,0,0,18,540,1,0,0,0,6,1,2,356,270,15,0,5,6,2,1,4,4,0,0,0,0,0,0
Idrissa Gueye, Senegal,M,33,2757,6,1,2,1,23,7,1,2103,1566,11,9,62,117,42,33,33,50,0,0,0,0,0,0,33,2685,11,0,1,1,25,6,0,2420,1885,12,9,81,135,39,32,19,51,0,0,0,0,0,0,66,5442,17,1,3,2,48,13,1,4523,3451,23,18,143,252,81,65,52,101,0,0,0,0,0,0
Ilkay Gundogan, Germany,M,0,0,0,0,0,0,0,0,0,0,0,0,0,0,0,0,0,0,0,0,0,0,0,0,0,10,709,0,0,3,1,16,4,0,617,505,7,0,9,10,4,2,5,2,0,0,0,0,0,0,10,709,0,0,3,1,16,4,0,617,505,7,0,9,10,4,2,5,2,0,0,0,0,0,0
Islam Slimani, Algeria,F,16,370,1,0,1,1,7,4,4,232,157,7,0,1,2,3,13,27,3,0,0,0,0,0,0,23,1279,1,0,7,4,35,13,11,614,423,3,3,3,12,3,54,79,27,0,0,0,0,0,0,39,1649,2,0,8,5,42,17,15,846,580,10,3,4,14,6,67,106,30,0,0,0,0,0,0
Jack Butland, England,GK,35,3150,0,0,0,0,0,0,0,1516,1169,0,0,1,1,40,8,0,0,6,61,144,14,25,338,5,450,0,0,0,0,0,0,0,195,140,0,0,0,0,3,2,0,0,2,8,17,1,10,40,40,3600,0,0,0,0,0,0,0,1711,1309,0,0,1,1,43,10,0,0,8,69,161,15,35,378
Jack Cork, England,M,38,3420,7,0,2,1,15,5,1,2106,1584,19,15,41,60,81,58,78,23,0,0,0,0,0,0,30,2233,7,0,0,0,18,5,1,1700,1285,20,8,56,59,48,37,49,25,0,0,0,0,0,0,68,5653,14,0,2,1,33,10,2,3806,2869,39,23,97,119,129,95,127,48,0,0,0,0,0,0
Jack Stephens, England,D,22,1979,6,1,2,0,11,4,2,1276,928,9,18,41,29,105,45,34,13,0,0,0,0,0,0,17,1469,1,0,0,1,4,0,1,948,729,4,19,24,22,79,29,39,15,0,0,0,0,0,0,39,3448,7,1,2,1,15,4,3,2224,1657,13,37,65,51,184,74,73,28,0,0,0,0,0,0
Jack Wilshere, England,M,20,1187,6,0,1,3,15,5,1,1035,808,3,2,8,15,5,7,7,15,0,0,0,0,0,0,29,1949,4,0,0,2,27,10,0,1443,1068,26,6,13,27,11,9,10,21,0,0,0,0,0,0,49,3136,10,0,1,5,42,15,1,2478,1876,29,8,21,42,16,16,17,36,0,0,0,0,0,0
Jake Livermore, England,M,34,2675,5,0,2,2,15,4,1,1463,1103,16,9,26,72,28,23,37,42,0,0,0,0,0,0,37,2976,5,0,1,1,33,7,1,2068,1605,7,25,49,79,64,33,32,33,0,0,0,0,0,0,71,5651,10,0,3,3,48,11,2,3531,2708,23,34,75,151,92,56,69,75,0,0,0,0,0,0
James Collins, Wales,D,13,1050,3,0,1,0,4,1,0,575,389,0,10,16,15,118,47,34,13,0,0,0,0,0,0,22,1654,3,0,2,0,11,4,1,848,580,0,18,38,21,147,59,28,7,0,0,0,0,0,0,35,2704,6,0,3,0,15,5,1,1423,969,0,28,54,36,265,106,62,20,0,0,0,0,0,0
James McArthur, Scotland,M,33,2433,5,0,5,1,30,11,0,1511,1070,11,2,36,58,37,39,52,45,0,0,0,0,0,0,29,2010,5,0,5,3,23,6,4,1224,854,26,6,26,59,24,32,41,41,0,0,0,0,0,0,62,4443,10,0,10,4,53,17,4,2735,1924,37,8,62,117,61,71,93,86,0,0,0,0,0,0
James McCarthy, Ireland,M,4,206,0,0,0,0,1,0,0,138,97,2,2,5,9,3,4,4,3,0,0,0,0,0,0,12,612,2,0,1,1,6,3,0,363,247,4,3,10,19,8,11,5,10,0,0,0,0,0,0,16,818,2,0,1,1,7,3,0,501,344,6,5,15,28,11,15,9,13,0,0,0,0,0,0
James McClean, Ireland,M,30,1395,7,0,1,0,30,6,5,736,359,88,4,19,40,15,16,22,35,0,0,0,0,0,0,34,1464,9,0,1,2,23,13,6,736,350,97,3,17,55,19,31,43,31,0,0,0,0,0,0,64,2859,16,0,2,2,53,19,11,1472,709,185,7,36,95,34,47,65,66,0,0,0,0,0,0
James Milner, England,M,32,1762,3,0,0,3,21,5,0,1904,1480,123,5,21,58,22,23,18,29,0,0,0,0,0,0,36,3159,5,0,7,3,36,17,2,3323,2168,259,5,44,94,100,56,65,38,0,0,0,0,0,0,68,4921,8,0,7,6,57,22,2,5227,3648,382,10,65,152,122,79,83,67,0,0,0,0,0,0
James Morrison, Scotland,M,4,206,0,0,1,0,4,2,0,110,88,2,1,1,2,0,0,2,0,0,0,0,0,0,0,31,1738,3,0,5,2,23,8,2,1029,764,22,4,23,26,11,9,25,19,0,0,0,0,0,0,35,1944,3,0,6,2,27,10,2,1139,852,24,5,24,28,11,9,27,19,0,0,0,0,0,0
James Tarkowski, England,D,31,2790,5,0,0,0,18,5,3,1577,1091,4,43,50,46,219,147,62,25,0,0,0,0,0,0,19,556,1,0,0,0,5,0,2,385,263,2,7,11,19,37,26,19,10,0,0,0,0,0,0,50,3346,6,0,0,0,23,5,5,1962,1354,6,50,61,65,256,173,81,35,0,0,0,0,0,0
James Tomkins, England,D,28,2388,8,0,3,0,23,10,1,1322,888,1,12,63,47,213,116,66,20,0,0,0,0,0,0,24,1976,4,0,3,0,14,4,0,1017,728,3,13,37,28,124,58,40,10,0,0,0,0,0,0,52,4364,12,0,6,0,37,14,1,2339,1616,4,25,100,75,337,174,106,30,0,0,0,0,0,0
James Ward-Prowse, England,M,30,1714,3,0,3,3,28,14,0,1120,747,159,1,8,23,18,21,50,18,0,0,0,0,0,0,30,1884,4,0,4,4,42,17,1,1378,966,143,2,19,29,32,21,52,27,0,0,0,0,0,0,60,3598,7,0,7,7,70,31,1,2498,1713,302,3,27,52,50,42,102,45,0,0,0,0,0,0
Jamie Vardy, England,F,37,3255,3,0,20,1,71,35,44,842,463,39,1,2,15,17,76,124,29,0,0,0,0,0,0,35,2808,2,0,13,5,53,26,25,872,529,47,0,8,15,9,90,121,26,0,0,0,0,0,0,72,6063,5,0,33,6,124,61,69,1714,992,86,1,10,30,26,166,245,55,0,0,0,0,0,0
Jan Vertonghen, Belgium,D,36,3205,4,0,0,0,24,4,1,3016,2488,15,11,60,64,170,118,66,20,0,0,0,0,0,0,33,2897,5,0,0,0,14,4,0,2552,2051,9,21,42,43,230,106,34,21,0,0,0,0,0,0,69,6102,9,0,0,0,38,8,1,5568,4539,24,32,102,107,400,224,100,41,0,0,0,0,0,0
Jason Puncheon, England,M,10,569,5,0,0,0,10,2,0,337,238,20,0,5,13,4,4,8,14,0,0,0,0,0,0,36,3094,9,0,0,5,45,11,1,2110,1468,147,6,37,74,36,26,14,62,0,0,0,0,0,0,46,3663,14,0,0,5,55,13,1,2447,1706,167,6,42,87,40,30,22,76,0,0,0,0,0,0
Javier Manquillo, Spain,D,21,1759,2,0,0,1,2,0,2,998,540,30,6,18,36,49,22,19,24,0,0,0,0,0,0,20,1428,2,0,1,0,3,1,5,818,425,34,5,24,30,49,17,14,14,0,0,0,0,0,0,41,3187,4,0,1,1,5,1,7,1816,965,64,11,42,66,98,39,33,38,0,0,0,0,0,0
Jay Fulton, Scotland,M,2,17,1,0,0,0,0,0,0,10,8,0,0,0,0,0,0,0,2,0,0,0,0,0,0,11,692,2,0,0,0,3,0,0,431,323,5,4,7,31,15,16,22,11,0,0,0,0,0,0,13,709,3,0,0,0,3,0,0,441,331,5,4,7,31,15,16,22,13,0,0,0,0,0,0
Jay Rodriguez, England,F,37,2823,2,0,7,1,69,25,18,1232,704,30,2,19,31,37,76,84,43,0,0,0,0,0,0,24,881,0,0,5,2,33,15,9,395,234,8,1,2,6,15,40,43,15,0,0,0,0,0,0,61,3704,2,0,12,3,102,40,27,1627,938,38,3,21,37,52,116,127,58,0,0,0,0,0,0
Jeff Hendrick, Ireland,M,34,2340,1,0,2,2,25,6,16,1075,802,23,2,8,16,20,15,58,19,0,0,0,0,0,0,32,2695,6,1,2,1,31,6,4,1366,1006,17,11,39,33,33,35,42,43,0,0,0,0,0,0,66,5035,7,1,4,3,56,12,20,2441,1808,40,13,47,49,53,50,100,62,0,0,0,0,0,0
Jeffrey Schlupp, Ghana,D,24,1748,3,0,0,1,15,2,0,1146,654,31,8,24,57,54,39,51,18,0,0,0,0,0,0,19,1136,0,0,0,0,3,0,0,681,349,15,4,26,35,49,23,18,4,0,0,0,0,0,0,43,2884,3,0,0,1,18,2,0,1827,1003,46,12,50,92,103,62,69,22,0,0,0,0,0,0
Jeremy Pied, France,D,0,0,0,0,0,0,0,0,0,0,0,0,0,0,0,0,0,0,0,0,0,0,0,0,0,4,126,0,0,0,0,3,0,0,116,70,13,1,2,3,2,0,4,1,0,0,0,0,0,0,4,126,0,0,0,0,3,0,0,116,70,13,1,2,3,2,0,4,1,0,0,0,0,0,0
Jermain Defoe, England,F,24,1083,1,0,4,1,27,15,9,260,131,5,0,4,12,0,2,18,12,0,0,0,0,0,0,37,3322,1,0,15,2,99,31,36,829,456,19,2,3,20,2,2,21,24,0,0,0,0,0,0,61,4405,2,0,19,3,126,46,45,1089,587,24,2,7,32,2,4,39,36,0,0,0,0,0,0
Jerome Sinclair, England,F,4,29,0,0,0,0,0,0,0,16,8,0,0,1,0,0,0,1,1,0,0,0,0,0,0,5,114,0,0,0,0,1,1,0,42,24,0,0,0,1,1,0,5,4,0,0,0,0,0,0,9,143,0,0,0,0,1,1,0,58,32,0,0,1,1,1,0,6,5,0,0,0,0,0,0
Jesse Lingard, England,M,33,1823,2,0,8,5,56,23,4,1307,932,46,3,9,30,10,5,26,34,0,0,0,0,0,0,25,1366,3,0,1,2,37,13,4,997,727,25,1,14,17,8,5,15,26,0,0,0,0,0,0,58,3189,5,0,9,7,93,36,8,2304,1659,71,4,23,47,18,10,41,60,0,0,0,0,0,0
Joe Allen, Wales,M,36,3142,8,0,2,6,24,4,0,1976,1358,37,9,58,96,54,36,61,49,0,0,0,0,0,0,36,2936,9,0,6,2,40,18,0,1924,1286,51,6,62,86,34,22,52,27,0,0,0,0,0,0,72,6078,17,0,8,8,64,22,0,3900,2644,88,15,120,182,88,58,113,76,0,0,0,0,0,0
Joel Matip, Cameroon,D,25,1995,3,0,1,0,11,2,1,1919,1655,0,15,35,35,96,57,21,19,0,0,0,0,0,0,29,2456,3,0,1,0,26,4,0,2062,1699,5,12,47,47,153,63,40,14,0,0,0,0,0,0,54,4451,6,0,2,0,37,6,1,3981,3354,5,27,82,82,249,120,61,33,0,0,0,0,0,0
Joel Ward, England,D,19,1616,4,0,0,1,5,1,1,1200,681,46,11,28,35,61,33,25,25,0,0,0,0,0,0,38,3418,7,0,0,1,14,2,0,2341,1300,78,11,59,89,133,62,43,37,0,0,0,0,0,0,57,5034,11,0,0,2,19,3,1,3541,1981,124,22,87,124,194,95,68,62,0,0,0,0,0,0
Johann Berg Gudmundsson, Iceland,M,35,2840,2,0,2,8,54,18,2,1459,805,213,1,34,43,33,41,49,18,0,0,0,0,0,0,20,994,1,0,1,2,17,8,1,518,296,72,4,18,20,20,13,19,4,0,0,0,0,0,0,55,3834,3,0,3,10,71,26,3,1977,1101,285,5,52,63,53,54,68,22,0,0,0,0,0,0
John Stones, England,D,18,1306,0,0,0,0,11,4,0,1374,1246,1,5,19,15,41,33,11,6,0,0,0,0,0,0,27,2013,1,0,0,0,13,2,0,1763,1464,0,14,39,26,115,49,27,8,0,0,0,0,0,0,45,3319,1,0,0,0,24,6,0,3137,2710,1,19,58,41,156,82,38,14,0,0,0,0,0,0
Jonathan Walters, Ireland,F,3,36,0,0,0,0,1,0,0,18,9,1,0,0,0,1,2,1,0,0,0,0,0,0,0,23,1296,1,0,4,2,25,12,12,566,331,36,4,4,8,27,66,68,13,0,0,0,0,0,0,26,1332,1,0,4,2,26,12,12,584,340,37,4,4,8,28,68,69,13,0,0,0,0,0,0
Jonjoe Kenny, England,D,19,1589,2,0,0,1,3,1,0,1106,587,46,7,28,41,73,38,31,17,0,0,0,0,0,0,1,12,0,0,0,0,0,0,0,15,9,4,0,0,0,0,1,0,1,0,0,0,0,0,0,20,1601,2,0,0,1,3,1,0,1121,596,50,7,28,41,73,39,31,18,0,0,0,0,0,0
Jonny Evans, Northern Ireland,D,28,2273,7,0,2,2,10,5,0,1292,961,4,13,48,29,126,54,34,26,0,0,0,0,0,0,31,2638,8,0,2,1,9,5,0,1377,942,9,19,74,42,151,45,29,31,0,0,0,0,0,0,59,4911,15,0,4,3,19,10,0,2669,1903,13,32,122,71,277,99,63,57,0,0,0,0,0,0
Jordan Ayew, Ghana,F,36,2856,2,1,7,2,66,21,8,1616,835,45,3,24,82,17,52,122,63,0,0,0,0,0,0,14,863,1,0,1,3,12,6,6,461,240,19,0,7,14,5,7,37,18,0,0,0,0,0,0,50,3719,3,1,8,5,78,27,14,2077,1075,64,3,31,96,22,59,159,81,0,0,0,0,0,0
Jordan Henderson, England,M,27,2172,1,0,1,1,15,3,0,2350,2085,25,2,31,51,20,28,11,26,0,0,0,0,0,0,24,2118,8,0,1,4,17,4,0,2423,2057,65,3,39,88,40,26,23,28,0,0,0,0,0,0,51,4290,9,0,2,5,32,7,0,4773,4142,90,5,70,139,60,54,34,54,0,0,0,0,0,0
Jordan Pickford, England,GK,38,3420,0,0,0,0,1,0,0,1556,1162,0,0,2,0,48,18,1,1,10,58,121,22,27,340,29,2610,0,0,0,0,0,0,0,1294,954,0,0,3,0,35,11,1,0,4,50,135,22,46,306,67,6030,0,0,0,0,1,0,0,2850,2116,0,0,5,0,83,29,2,1,14,108,256,44,73,646
Jordon Ibe, England,M,32,2000,1,0,2,6,54,17,2,1174,695,109,0,10,14,9,4,15,10,0,0,0,0,0,0,25,1057,0,0,0,0,15,1,1,665,378,43,2,9,12,3,0,7,7,0,0,0,0,0,0,57,3057,1,0,2,6,69,18,3,1839,1073,152,2,19,26,12,4,22,17,0,0,0,0,0,0
Jose Fonte, Portugal,D,0,0,0,0,0,0,0,0,0,0,0,0,0,0,0,0,0,0,0,0,0,0,0,0,0,33,2845,4,0,0,0,17,3,0,2053,1604,5,23,70,47,187,79,45,27,0,0,0,0,0,0,33,2845,4,0,0,0,17,3,0,2053,1604,5,23,70,47,187,79,45,27,0,0,0,0,0,0
Jose Holebas, Greece,D,0,0,0,0,0,0,0,0,0,0,0,0,0,0,0,0,0,0,0,0,0,0,0,0,0,33,2909,14,0,2,4,28,7,1,2198,1158,164,10,55,62,114,47,28,43,0,0,0,0,0,0,33,2909,14,0,2,4,28,7,1,2198,1158,164,10,55,62,114,47,28,43,0,0,0,0,0,0
Josh Sims, England,M,6,161,0,0,0,0,11,5,2,104,62,3,0,1,4,0,4,4,1,0,0,0,0,0,0,7,206,0,0,0,1,5,3,0,129,81,8,0,1,3,1,2,7,2,0,0,0,0,0,0,13,367,0,0,0,1,16,8,2,233,143,11,0,2,7,1,6,11,3,0,0,0,0,0,0
Josh Tymon, England,D,3,162,0,0,0,0,0,0,0,112,81,4,0,1,5,2,0,0,0,0,0,0,0,0,0,5,324,1,0,0,0,0,0,0,217,135,7,1,5,8,17,4,5,4,0,0,0,0,0,0,8,486,1,0,0,0,0,0,0,329,216,11,1,6,13,19,4,5,4,0,0,0,0,0,0
Joshua King, Norway,F,33,2453,3,0,8,3,51,21,4,1291,689,34,3,4,36,14,68,82,45,0,0,0,0,0,0,36,2719,1,0,16,2,67,31,5,1391,715,42,6,19,49,39,39,69,58,0,0,0,0,0,0,69,5172,4,0,24,5,118,52,9,2682,1404,76,9,23,85,53,107,151,103,0,0,0,0,0,0
Juan Mata, Spain,M,28,1930,1,0,3,5,28,10,18,1538,1215,111,0,15,18,7,3,8,12,0,0,0,0,0,0,25,1628,3,0,6,3,40,21,9,1283,990,93,0,12,22,8,4,6,10,0,0,0,0,0,0,53,3558,4,0,9,8,68,31,27,2821,2205,204,0,27,40,15,7,14,22,0,0,0,0,0,0
Julien Ngoy, Belgium,F,1,19,0,0,0,0,0,0,0,6,5,0,0,0,1,0,0,0,1,0,0,0,0,0,0,5,44,0,0,0,0,2,0,0,31,11,3,0,0,2,0,0,1,0,0,0,0,0,0,0,6,63,0,0,0,0,2,0,0,37,16,3,0,0,3,0,0,1,1,0,0,0,0,0,0
Junior Stanislas, England,M,19,1296,1,0,5,2,45,20,1,775,489,71,6,6,16,11,10,25,6,0,0,0,0,0,0,21,1476,1,0,7,5,42,18,5,886,615,70,4,8,14,14,15,34,8,0,0,0,0,0,0,40,2772,2,0,12,7,87,38,6,1661,1104,141,10,14,30,25,25,59,14,0,0,0,0,0,0
Kasper Schmeichel, Denmark,GK,33,2966,3,0,0,0,0,0,0,1323,1032,0,0,0,1,38,12,0,0,8,47,93,20,28,273,30,2667,1,0,0,0,0,0,0,1172,888,0,0,1,2,28,11,0,0,8,47,113,12,39,278,63,5633,4,0,0,0,0,0,0,2495,1920,0,0,1,3,66,23,0,0,16,94,206,32,67,551
Kelechi Iheanacho, Nigeria,F,21,824,2,0,3,3,29,11,4,390,246,5,2,3,9,4,6,18,17,0,0,0,0,0,0,20,527,0,0,4,3,22,7,6,296,192,4,0,0,6,2,5,25,8,0,0,0,0,0,0,41,1351,2,0,7,6,51,18,10,686,438,9,2,3,15,6,11,43,25,0,0,0,0,0,0
Kenedy, Brazil,M,13,1030,1,0,2,2,23,5,0,643,351,38,1,14,31,9,2,17,15,0,0,0,0,0,0,2,90,0,0,0,0,3,0,0,60,29,2,0,2,3,0,0,0,2,0,0,0,0,0,0,15,1120,1,0,2,2,26,5,0,703,380,40,1,16,34,9,2,17,17,0,0,0,0,0,0
Kevin De Bruyne, Belgium,M,37,3083,2,0,8,16,94,39,2,3542,2693,248,2,25,62,12,15,16,30,0,0,0,0,0,0,36,2883,4,0,6,18,86,21,2,2586,1801,275,1,24,50,8,14,27,37,0,0,0,0,0,0,73,5966,6,0,14,34,180,60,4,6128,4494,523,3,49,112,20,29,43,67,0,0,0,0,0,0
Kevin Long, Ireland,D,16,1440,1,0,1,2,10,2,1,810,541,2,14,19,32,127,80,58,15,0,0,0,0,0,0,3,270,0,0,0,0,1,0,0,141,108,0,4,4,4,15,8,4,1,0,0,0,0,0,0,19,1710,1,0,1,2,11,2,1,951,649,2,18,23,36,142,88,62,16,0,0,0,0,0,0
Kevin Mirallas, Belgium,F,5,137,1,0,0,0,4,2,0,82,54,4,0,0,4,3,2,2,1,0,0,0,0,0,0,35,2080,2,0,4,6,61,23,4,1198,720,136,0,7,18,11,17,38,27,0,0,0,0,0,0,40,2217,3,0,4,6,65,25,4,1280,774,140,0,7,22,14,19,40,28,0,0,0,0,0,0
Kevin Wimmer, Austria,D,17,1321,5,0,0,0,1,0,0,782,504,2,12,30,24,78,19,24,20,0,0,0,0,0,0,5,356,3,0,0,0,0,0,0,264,225,1,1,4,3,13,8,3,4,0,0,0,0,0,0,22,1677,8,0,0,0,1,0,0,1046,729,3,13,34,27,91,27,27,24,0,0,0,0,0,0
Ki Sung-yueng, South Korea,M,25,1869,2,0,2,2,20,6,1,1086,836,62,1,32,25,20,5,21,10,0,0,0,0,0,0,23,1287,3,0,0,1,9,1,1,868,687,9,3,21,25,19,7,6,18,0,0,0,0,0,0,48,3156,5,0,2,3,29,7,2,1954,1523,71,4,53,50,39,12,27,28,0,0,0,0,0,0
Kieran Gibbs, England,D,33,2830,3,0,0,1,9,1,1,1750,1014,74,12,48,41,82,42,39,22,0,0,0,0,0,0,11,702,3,0,0,1,5,2,0,589,372,31,0,10,12,34,20,25,11,0,0,0,0,0,0,44,3532,6,0,0,2,14,3,1,2339,1386,105,12,58,53,116,62,64,33,0,0,0,0,0,0
Kieran Trippier, England,D,24,1913,1,0,0,5,7,1,3,1886,1266,122,6,20,52,45,36,29,18,0,0,0,0,0,0,12,566,1,0,0,5,3,0,1,535,346,29,3,7,17,13,4,5,8,0,0,0,0,0,0,36,2479,2,0,0,10,10,1,4,2421,1612,151,9,27,69,58,40,34,26,0,0,0,0,0,0
Kurt Zouma, France,D,34,2888,1,0,1,0,20,8,1,1699,1021,11,23,61,50,231,109,31,19,0,0,0,0,0,0,9,246,0,0,0,1,1,0,0,179,128,2,1,5,8,11,5,2,2,0,0,0,0,0,0,43,3134,1,0,1,1,21,8,1,1878,1149,13,24,66,58,242,114,33,21,0,0,0,0,0,0
Kyle Naughton, England,D,34,3033,1,0,0,2,12,1,0,2651,1638,62,13,60,92,102,69,68,31,0,0,0,0,0,0,31,2718,5,0,1,0,20,5,0,2282,1392,79,15,41,76,115,65,38,25,0,0,0,0,0,0,65,5751,6,0,1,2,32,6,0,4933,3030,141,28,101,168,217,134,106,56,0,0,0,0,0,0
Kyle Walker, England,D,32,2787,2,1,0,6,13,1,2,3011,2362,56,2,29,47,67,70,33,17,0,0,0,0,0,0,33,2704,8,0,0,5,19,5,3,2366,1464,96,7,38,72,94,60,28,36,0,0,0,0,0,0,65,5491,10,1,0,11,32,6,5,5377,3826,152,9,67,119,161,130,61,53,0,0,0,0,0,0
Laurent Koscielny, France,D,25,2227,4,0,2,0,9,2,2,2113,1745,5,15,54,43,134,80,61,14,0,0,0,0,0,0,33,2823,4,0,2,0,9,4,2,2131,1667,3,22,90,48,202,116,78,19,0,0,0,0,0,0,58,5050,8,0,4,0,18,6,4,4244,3412,8,37,144,91,336,196,139,33,0,0,0,0,0,0
Lee Chung-yong, South Korea,M,7,132,0,0,0,0,1,0,0,97,67,7,0,2,2,0,2,4,1,0,0,0,0,0,0,15,466,0,0,0,1,4,2,0,287,199,14,0,4,15,2,5,10,5,0,0,0,0,0,0,22,598,0,0,0,1,5,2,0,384,266,21,0,6,17,2,7,14,6,0,0,0,0,0,0
Lee Grant, England,GK,3,270,0,0,0,0,0,0,0,104,78,0,0,0,1,0,0,0,0,0,7,8,0,1,23,28,2520,1,0,0,0,0,0,0,1146,881,0,0,0,0,34,10,0,0,9,34,91,21,24,278,31,2790,1,0,0,0,0,0,0,1250,959,0,0,0,1,34,10,0,0,9,41,99,21,25,301
Leighton Baines, England,D,22,1910,1,0,2,3,7,4,1,1204,754,75,6,25,25,47,14,20,7,0,0,0,0,0,0,32,2821,4,0,2,3,15,5,0,2032,1309,112,6,45,63,65,27,34,35,0,0,0,0,0,0,54,4731,5,0,4,6,22,9,1,3236,2063,187,12,70,88,112,41,54,42,0,0,0,0,0,0
Leon Britton, England,M,5,304,1,0,0,0,0,0,0,157,137,1,1,1,6,1,0,4,7,0,0,0,0,0,0,16,1176,3,0,0,0,0,0,0,853,727,0,5,19,23,18,7,2,6,0,0,0,0,0,0,21,1480,4,0,0,0,0,0,0,1010,864,1,6,20,29,19,7,6,13,0,0,0,0,0,0
Leonardo Ulloa, Argentina,F,14,281,0,0,1,0,3,2,4,206,134,0,0,0,4,4,26,46,7,0,0,0,0,0,0,16,435,0,0,1,0,11,5,4,344,233,1,0,3,11,8,48,65,20,0,0,0,0,0,0,30,716,0,0,2,0,14,7,8,550,367,1,0,3,15,12,74,111,27,0,0,0,0,0,0
Leroy Fer, Netherlands,M,20,1399,5,0,1,1,12,3,1,873,632,8,4,12,44,23,42,22,28,0,0,0,0,0,0,34,2403,9,0,6,2,36,11,1,1669,1230,13,8,23,55,48,77,42,48,0,0,0,0,0,0,54,3802,14,0,7,3,48,14,2,2542,1862,21,12,35,99,71,119,64,76,0,0,0,0,0,0
Leroy Sane, Germany,F,0,0,0,0,0,0,0,0,0,0,0,0,0,0,0,0,0,0,0,0,0,0,0,0,0,26,1786,4,0,5,3,33,14,12,1117,691,52,1,17,35,5,19,20,14,0,0,0,0,0,0,26,1786,4,0,5,3,33,14,12,1117,691,52,1,17,35,5,19,20,14,0,0,0,0,0,0
Lewis Cook, England,M,29,2239,5,0,0,2,18,2,1,1637,1228,29,12,35,67,21,14,27,33,0,0,0,0,0,0,6,431,1,0,0,2,5,2,0,343,279,2,3,7,10,2,1,11,2,0,0,0,0,0,0,35,2670,6,0,0,4,23,4,1,1980,1507,31,15,42,77,23,15,38,35,0,0,0,0,0,0
Loris Karius, Germany,GK,19,1710,1,0,0,0,0,0,0,698,521,0,0,1,0,15,8,1,2,10,14,31,11,10,103,10,900,0,0,0,0,0,0,0,343,268,0,0,1,0,7,1,0,0,3,12,20,4,5,47,29,2610,1,0,0,0,0,0,0,1041,789,0,0,2,0,22,9,1,2,13,26,51,15,15,150
Luciano Narsingh, Netherlands,M,18,617,0,0,1,0,9,5,4,333,194,23,0,3,7,3,2,15,3,0,0,0,0,0,0,13,410,0,0,0,3,2,0,1,231,123,27,0,3,3,1,3,14,3,0,0,0,0,0,0,31,1027,0,0,1,3,11,5,5,564,317,50,0,6,10,4,5,29,6,0,0,0,0,0,0
Luka Milivojevic, Serbia,M,36,3081,8,0,10,1,42,17,1,2198,1652,39,12,71,85,74,49,45,69,0,0,0,0,0,0,14,1227,4,0,2,0,14,4,0,678,490,6,5,39,29,24,27,24,27,0,0,0,0,0,0,50,4308,12,0,12,1,56,21,1,2876,2142,45,17,110,114,98,76,69,96,0,0,0,0,0,0
Lukasz Fabianski, Poland,GK,38,3420,0,0,0,0,0,0,0,1496,1113,0,0,0,0,25,15,4,1,9,56,137,15,42,358,37,3330,1,0,0,0,0,0,0,1336,928,0,0,1,3,19,15,0,1,8,69,117,16,71,308,75,6750,1,0,0,0,0,0,0,2832,2041,0,0,1,3,44,30,4,2,17,125,254,31,113,666
Luke Shaw, England,D,11,788,2,0,0,0,12,5,0,699,477,30,2,4,18,19,17,19,4,0,0,0,0,0,0,11,692,1,0,0,1,6,1,0,565,382,21,1,13,12,27,11,6,7,0,0,0,0,0,0,22,1480,3,0,0,1,18,6,0,1264,859,51,3,17,30,46,28,25,11,0,0,0,0,0,0
Lys Mousset, France,F,23,585,1,0,2,0,22,5,0,333,161,9,2,3,9,8,8,22,11,0,0,0,0,0,0,11,265,0,0,0,0,10,3,1,141,63,3,1,0,4,5,7,7,6,0,0,0,0,0,0,34,850,1,0,2,0,32,8,1,474,224,12,3,3,13,13,15,29,17,0,0,0,0,0,0
Mamadou Sakho, France,D,19,1600,1,0,1,2,3,1,0,968,739,0,11,30,21,99,41,35,3,0,0,0,0,0,0,8,687,0,0,0,0,2,0,0,327,225,1,3,15,3,47,19,17,1,0,0,0,0,0,0,27,2287,1,0,1,2,5,1,0,1295,964,1,14,45,24,146,60,52,4,0,0,0,0,0,0
Mame Biram Diouf, Senegal,M,35,2601,6,0,6,2,59,20,23,1048,558,34,0,14,48,70,145,160,38,0,0,0,0,0,0,27,1382,3,0,1,2,20,4,10,707,363,26,3,18,35,37,81,70,28,0,0,0,0,0,0,62,3983,9,0,7,4,79,24,33,1755,921,60,3,32,83,107,226,230,66,0,0,0,0,0,0
Manolo Gabbiadini, Italy,F,28,1074,2,0,5,0,22,10,10,318,223,5,0,4,3,6,14,36,14,0,0,0,0,0,0,11,731,1,0,4,0,29,11,10,204,117,3,0,3,2,10,9,22,8,0,0,0,0,0,0,39,1805,3,0,9,0,51,21,20,522,340,8,0,7,5,16,23,58,22,0,0,0,0,0,0
Manuel Lanzini, Argentina,M,27,2048,4,0,5,6,44,18,3,1669,1214,82,1,30,20,5,3,10,9,0,0,0,0,0,0,35,2711,9,0,8,2,69,21,7,2169,1581,72,1,45,44,10,4,14,21,0,0,0,0,0,0,62,4759,13,0,13,8,113,39,10,3838,2795,154,2,75,64,15,7,24,30,0,0,0,0,0,0
Marc Albrighton, England,M,34,2543,5,1,2,7,20,6,2,1709,1005,217,4,27,52,25,11,15,20,0,0,0,0,0,0,33,2423,5,0,2,6,21,7,2,1533,874,212,2,35,50,30,7,30,21,0,0,0,0,0,0,67,4966,10,1,4,13,41,13,4,3242,1879,429,6,62,102,55,18,45,41,0,0,0,0,0,0
Marc Pugh, England,M,20,982,2,0,0,0,19,5,2,678,469,32,1,13,7,13,8,16,7,0,0,0,0,0,0,21,1331,1,0,2,2,18,6,1,780,497,40,2,12,22,21,21,17,7,0,0,0,0,0,0,41,2313,3,0,2,2,37,11,3,1458,966,72,3,25,29,34,29,33,14,0,0,0,0,0,0
Marcos Alonso, Spain,D,33,2860,6,0,7,2,65,23,8,2179,1347,96,5,47,51,60,61,54,26,0,0,0,0,0,0,31,2694,2,0,6,3,46,16,3,2081,1250,102,5,44,56,76,73,41,25,0,0,0,0,0,0,64,5554,8,0,13,5,111,39,11,4260,2597,198,10,91,107,136,134,95,51,0,0,0,0,0,0
Marcos Rojo, Argentina,D,9,640,6,0,0,0,5,1,0,463,358,1,6,7,7,54,16,7,8,0,0,0,0,0,0,21,1660,5,0,1,0,14,4,0,1260,951,10,6,33,29,143,46,28,24,0,0,0,0,0,0,30,2300,11,0,1,0,19,5,0,1723,1309,11,12,40,36,197,62,35,32,0,0,0,0,0,0
Marcus Rashford, England,F,35,1807,3,0,7,5,61,21,9,1030,576,81,0,8,14,14,18,25,21,0,0,0,0,0,0,32,1701,3,0,5,1,44,17,11,977,544,83,0,12,16,6,4,24,16,0,0,0,0,0,0,67,3508,6,0,12,6,105,38,20,2007,1120,164,0,20,30,20,22,49,37,0,0,0,0,0,0
Mark Noble, England,M,29,2405,6,0,4,0,15,6,2,1705,1324,23,10,47,61,22,10,14,28,0,0,0,0,0,0,30,2398,10,0,3,0,25,7,0,1763,1435,20,6,37,49,11,3,8,27,0,0,0,0,0,0,59,4803,16,0,7,0,40,13,2,3468,2759,43,16,84,110,33,13,22,55,0,0,0,0,0,0
Marko Arnautovic, Austria,F,31,2322,5,1,11,6,71,33,43,1179,684,61,3,13,21,32,22,40,35,0,0,0,0,0,0,32,2724,9,1,6,5,60,19,32,1478,861,110,2,25,32,20,13,32,41,0,0,0,0,0,0,63,5046,14,2,17,11,131,52,75,2657,1545,171,5,38,53,52,35,72,76,0,0,0,0,0,0
Marko Grujic, Serbia,M,3,14,0,0,0,0,0,0,0,17,14,0,0,0,2,0,0,2,0,0,0,0,0,0,0,5,38,1,0,0,0,4,2,0,46,33,0,0,0,1,0,5,1,2,0,0,0,0,0,0,8,52,1,0,0,0,4,2,0,63,47,0,0,0,3,0,5,3,2,0,0,0,0,0,0
Marouane Fellaini, Belgium,M,16,612,1,0,4,0,10,7,3,522,393,3,3,14,15,18,38,26,13,0,0,0,0,0,0,28,1599,9,1,1,0,23,7,3,1365,1057,4,5,30,55,52,94,29,41,0,0,0,0,0,0,44,2211,10,1,5,0,33,14,6,1887,1450,7,8,44,70,70,132,55,54,0,0,0,0,0,0
Martin Kelly, England,D,15,1194,1,0,0,0,5,2,0,536,343,6,11,9,19,63,27,36,8,0,0,0,0,0,0,29,2128,4,0,0,2,3,0,0,1121,626,36,17,25,46,131,56,39,19,0,0,0,0,0,0,44,3322,5,0,0,2,8,2,0,1657,969,42,28,34,65,194,83,75,27,0,0,0,0,0,0
Martin Olsson, Sweden,D,36,3154,7,0,0,1,18,1,2,1945,1144,163,4,31,34,67,47,34,27,0,0,0,0,0,0,15,1253,2,0,2,0,9,4,0,880,496,59,4,10,10,49,21,21,12,0,0,0,0,0,0,51,4407,9,0,2,1,27,5,2,2825,1640,222,8,41,44,116,68,55,39,0,0,0,0,0,0
Mason Holgate, England,D,15,1183,3,0,0,0,6,2,1,749,475,12,9,23,23,82,33,41,12,0,0,0,0,0,0,18,1371,2,0,0,1,6,3,0,1030,643,48,5,21,41,67,33,26,12,0,0,0,0,0,0,33,2554,5,0,0,1,12,5,1,1779,1118,60,14,44,64,149,66,67,24,0,0,0,0,0,0
Matt Phillips, Scotland,M,30,2097,3,0,2,2,28,8,11,1085,497,164,1,24,27,26,35,37,14,0,0,0,0,0,0,27,2193,2,0,4,8,47,10,3,1097,486,144,3,19,22,25,37,51,12,0,0,0,0,0,0,57,4290,5,0,6,10,75,18,14,2182,983,308,4,43,49,51,72,88,26,0,0,0,0,0,0
Matt Targett, England,D,2,167,0,0,0,0,0,0,0,137,80,8,2,3,6,6,1,2,1,0,0,0,0,0,0,5,374,0,0,0,0,2,0,0,317,205,25,0,8,10,10,8,5,1,0,0,0,0,0,0,7,541,0,0,0,0,2,0,0,454,285,33,2,11,16,16,9,7,2,0,0,0,0,0,0
Matteo Darmian, Italy,D,8,444,0,0,0,0,2,0,0,321,195,6,3,7,16,22,6,6,5,0,0,0,0,0,0,18,1333,3,0,0,0,2,0,1,993,595,19,2,39,42,71,25,14,19,0,0,0,0,0,0,26,1777,3,0,0,0,4,0,1,1314,790,25,5,46,58,93,31,20,24,0,0,0,0,0,0
Matthew Lowton, England,D,26,2295,1,0,0,3,4,1,1,1521,823,71,15,39,55,112,34,29,19,0,0,0,0,0,0,36,3240,9,0,0,2,6,2,0,2158,1084,115,28,65,101,176,53,37,34,0,0,0,0,0,0,62,5535,10,0,0,5,10,3,1,3679,1907,186,43,104,156,288,87,66,53,0,0,0,0,0,0
Matty James, England,M,13,994,2,0,0,0,11,2,0,581,446,2,2,17,19,24,20,15,21,0,0,0,0,0,0,1,1,0,0,0,0,0,0,0,0,0,0,0,0,0,0,0,0,0,0,0,0,0,0,0,14,995,2,0,0,0,11,2,0,581,446,2,2,17,19,24,20,15,21,0,0,0,0,0,0
Maya Yoshida, Japan,D,24,2051,2,1,2,0,19,4,0,1378,1062,2,14,41,27,130,67,39,19,0,0,0,0,0,0,23,2070,2,0,1,0,15,7,1,1468,1126,8,14,47,30,144,75,56,18,0,0,0,0,0,0,47,4121,4,1,3,0,34,11,1,2846,2188,10,28,88,57,274,142,95,37,0,0,0,0,0,0
Mesut Ozil, Germany,M,0,0,0,0,0,0,0,0,0,0,0,0,0,0,0,0,0,0,0,0,0,0,0,0,0,33,2847,2,0,8,9,40,18,20,2647,2110,187,1,15,26,9,7,16,14,0,0,0,0,0,0,33,2847,2,0,8,9,40,18,20,2647,2110,187,1,15,26,9,7,16,14,0,0,0,0,0,0
Michael Carrick, England,M,2,109,0,0,0,0,2,1,0,113,99,0,0,1,1,3,0,2,1,0,0,0,0,0,0,23,1599,2,0,0,0,8,0,0,1460,1263,4,8,41,26,37,10,8,5,0,0,0,0,0,0,25,1708,2,0,0,0,10,1,0,1573,1362,4,8,42,27,40,10,10,6,0,0,0,0,0,0
Michael Keane, England,D,30,2560,3,0,0,1,15,1,4,1593,1157,4,28,53,33,206,129,87,21,0,0,0,0,0,0,35,3150,4,0,2,1,23,8,1,1626,1128,3,44,63,28,260,152,78,14,0,0,0,0,0,0,65,5710,7,0,2,2,38,9,5,3219,2285,7,72,116,61,466,281,165,35,0,0,0,0,0,0
Michail Antonio, England,M,21,1358,1,0,3,1,34,15,7,850,385,55,0,13,15,14,43,55,17,0,0,0,0,0,0,29,2439,4,1,9,3,77,23,20,1397,638,94,2,27,32,38,57,104,31,0,0,0,0,0,0,50,3797,5,1,12,4,111,38,27,2247,1023,149,2,40,47,52,100,159,48,0,0,0,0,0,0
Michel Vorm, Netherlands,GK,1,90,0,0,0,0,0,0,0,32,24,0,0,0,0,1,0,0,0,0,1,4,0,0,9,5,415,0,0,0,0,0,0,0,171,134,0,0,0,1,2,0,0,0,2,2,7,0,1,28,6,505,0,0,0,0,0,0,0,203,158,0,0,0,1,3,0,0,0,2,3,11,0,1,37
Michy Batshuayi, Belgium,F,12,353,0,0,2,1,13,5,6,157,96,0,0,1,5,3,7,14,4,0,0,0,0,0,0,20,239,0,0,5,1,17,8,4,145,80,2,0,2,2,1,3,5,9,0,0,0,0,0,0,32,592,0,0,7,2,30,13,10,302,176,2,0,3,7,4,10,19,13,0,0,0,0,0,0
Miguel Britos, Uruguay,D,12,798,3,1,1,0,4,2,0,510,388,5,1,12,15,44,27,19,8,0,0,0,0,0,0,27,2283,6,2,1,2,18,5,2,1416,1025,12,18,49,34,144,86,45,36,0,0,0,0,0,0,39,3081,9,3,2,2,22,7,2,1926,1413,17,19,61,49,188,113,64,44,0,0,0,0,0,0
Mike van der Hoorn, Netherlands,D,24,1949,4,0,1,0,10,5,0,1179,858,8,14,39,32,123,57,45,22,0,0,0,0,0,0,8,661,1,0,1,0,4,2,0,440,324,0,7,18,9,56,24,14,12,0,0,0,0,0,0,32,2610,5,0,2,0,14,7,0,1619,1182,8,21,57,41,179,81,59,34,0,0,0,0,0,0
Mohamed Elneny, Egypt,M,13,869,3,1,0,1,8,1,1,943,837,8,0,10,12,12,6,13,4,0,0,0,0,0,0,14,694,1,0,0,1,15,2,0,705,616,8,0,8,22,5,5,5,10,0,0,0,0,0,0,27,1563,4,1,0,2,23,3,1,1648,1453,16,0,18,34,17,11,18,14,0,0,0,0,0,0
Morgan Schneiderlin, France,M,30,2128,5,1,0,0,5,0,0,1439,1130,8,7,61,58,59,37,37,39,0,0,0,0,0,0,17,1070,2,0,1,0,8,3,0,1027,866,1,4,31,26,28,18,28,21,0,0,0,0,0,0,47,3198,7,1,1,0,13,3,0,2466,1996,9,11,92,84,87,55,65,60,0,0,0,0,0,0
Mousa Dembele, Belgium,M,0,0,0,0,0,0,0,0,0,0,0,0,0,0,0,0,0,0,0,0,0,0,0,0,0,30,2065,5,0,1,1,15,3,0,1865,1479,3,5,25,64,20,23,21,45,0,0,0,0,0,0,30,2065,5,0,1,1,15,3,0,1865,1479,3,5,25,64,20,23,21,45,0,0,0,0,0,0
Moussa Sissoko, France,M,33,1394,3,0,1,1,19,8,3,1083,869,19,1,9,23,21,16,17,23,0,0,0,0,0,0,25,902,3,0,0,2,17,3,2,665,453,34,1,7,14,11,12,20,21,0,0,0,0,0,0,58,2296,6,0,1,3,36,11,5,1748,1322,53,2,16,37,32,28,37,44,0,0,0,0,0,0
Nacer Chadli, Belgium,M,5,216,1,0,1,0,4,2,0,100,69,7,0,0,1,3,1,2,1,0,0,0,0,0,0,31,2147,2,0,5,5,47,18,3,1020,662,57,3,22,29,10,19,31,17,0,0,0,0,0,0,36,2363,3,0,6,5,51,20,3,1120,731,64,3,22,30,13,20,33,18,0,0,0,0,0,0
Nacho Monreal, Spain,D,28,2242,3,0,5,2,22,8,2,2124,1719,31,8,56,54,74,62,63,19,0,0,0,0,0,0,36,3153,5,0,0,2,12,2,7,2575,1753,63,11,88,90,99,57,61,33,0,0,0,0,0,0,64,5395,8,0,5,4,34,10,9,4699,3472,94,19,144,144,173,119,124,52,0,0,0,0,0,0
Nathan Ake, Netherlands,D,0,0,0,0,0,0,0,0,0,0,0,0,0,0,0,0,0,0,0,0,0,0,0,0,0,12,831,1,0,3,1,7,4,0,564,405,2,8,11,22,76,21,18,4,0,0,0,0,0,0,12,831,1,0,3,1,7,4,0,564,405,2,8,11,22,76,21,18,4,0,0,0,0,0,0
Nathan Dyer, England,M,24,1312,2,0,0,0,10,2,1,775,512,33,0,11,22,2,5,29,17,0,0,0,0,0,0,8,211,0,0,0,1,3,1,0,153,102,6,0,3,3,1,1,2,4,0,0,0,0,0,0,32,1523,2,0,0,1,13,3,1,928,614,39,0,14,25,3,6,31,21,0,0,0,0,0,0
Nathan Redmond, England,M,31,1947,3,0,1,3,44,15,4,1225,799,69,0,15,32,14,4,15,19,0,0,0,0,0,0,37,2907,2,0,7,1,83,28,14,1715,1136,64,3,15,39,9,14,19,38,0,0,0,0,0,0,68,4854,5,0,8,4,127,43,18,2940,1935,133,3,30,71,23,18,34,57,0,0,0,0,0,0
Nathaniel Chalobah, England,M,6,447,1,0,0,0,12,4,1,259,182,2,5,6,9,6,11,5,3,0,0,0,0,0,0,10,159,2,0,0,1,1,1,0,131,103,0,0,2,5,4,4,1,2,0,0,0,0,0,0,16,606,3,0,0,1,13,5,1,390,285,2,5,8,14,10,15,6,5,0,0,0,0,0,0
Nathaniel Clyne, England,D,3,174,1,0,0,0,2,1,0,161,104,7,1,0,3,3,3,3,4,0,0,0,0,0,0,37,3324,0,0,0,2,26,5,1,2693,1795,97,2,43,80,54,13,43,14,0,0,0,0,0,0,40,3498,1,0,0,2,28,6,1,2854,1899,104,3,43,83,57,16,46,18,0,0,0,0,0,0
Nemanja Matic, Serbia,M,36,3119,6,0,1,1,18,3,2,3117,2601,18,13,64,70,56,57,28,33,0,0,0,0,0,0,35,2697,4,0,1,7,20,7,1,2249,1865,8,9,50,51,46,39,26,33,0,0,0,0,0,0,71,5816,10,0,2,8,38,10,3,5366,4466,26,22,114,121,102,96,54,66,0,0,0,0,0,0
NGolo Kante, France,M,0,0,0,0,0,0,0,0,0,0,0,0,0,0,0,0,0,0,0,0,0,0,0,0,0,35,3139,9,0,1,1,27,7,0,2671,2122,10,4,82,127,41,19,41,53,0,0,0,0,0,0,35,3139,9,0,1,1,27,7,0,2671,2122,10,4,82,127,41,19,41,53,0,0,0,0,0,0
Nicolas Otamendi, Argentina,D,0,0,0,0,0,0,0,0,0,0,0,0,0,0,0,0,0,0,0,0,0,0,0,0,0,30,2592,9,0,1,1,15,3,1,2440,1945,3,15,84,69,190,117,67,30,0,0,0,0,0,0,30,2592,9,0,1,1,15,3,1,2440,1945,3,15,84,69,190,117,67,30,0,0,0,0,0,0
Nordin Amrabat, Morocco,F,3,200,0,0,0,0,1,0,2,110,66,9,0,0,6,2,3,6,6,0,0,0,0,0,0,29,2101,4,0,0,3,29,6,2,1335,675,130,3,24,45,11,4,10,47,0,0,0,0,0,0,32,2301,4,0,0,3,30,6,4,1445,741,139,3,24,51,13,7,16,53,0,0,0,0,0,0
Oliver McBurnie, Scotland,F,11,269,0,0,0,1,5,3,0,142,99,3,0,0,4,3,22,20,4,0,0,0,0,0,0,5,77,0,0,0,0,2,1,0,42,33,1,0,0,1,0,3,10,1,0,0,0,0,0,0,16,346,0,0,0,1,7,4,0,184,132,4,0,0,5,3,25,30,5,0,0,0,0,0,0
Olivier Giroud, France,F,29,984,0,0,7,1,48,15,5,536,375,3,0,2,9,9,69,44,13,0,0,0,0,0,0,29,1194,2,0,12,3,39,20,12,553,369,3,4,8,14,17,50,40,21,0,0,0,0,0,0,58,2178,2,0,19,4,87,35,17,1089,744,6,4,10,23,26,119,84,34,0,0,0,0,0,0
Oriol Romeu, Spain,M,34,2901,11,0,1,0,27,4,3,2329,1843,6,19,69,93,72,97,82,53,0,0,0,0,0,0,35,3072,11,0,1,0,28,6,1,2596,2070,3,13,89,117,66,75,80,66,0,0,0,0,0,0,69,5973,22,0,2,0,55,10,4,4925,3913,9,32,158,210,138,172,162,119,0,0,0,0,0,0
Oumar Niasse, Senegal,F,22,1081,2,0,8,2,37,18,20,497,250,7,2,2,10,6,34,68,31,0,0,0,0,0,0,17,1095,3,0,4,1,26,8,11,474,235,13,0,1,10,13,25,44,17,0,0,0,0,0,0,39,2176,5,0,12,3,63,26,31,971,485,20,2,3,20,19,59,112,48,0,0,0,0,0,0
Pablo Zabaleta, Argentina,D,37,3291,9,0,0,1,6,1,1,2134,1153,71,13,61,96,124,58,57,33,0,0,0,0,0,0,20,1059,2,0,1,1,7,2,5,898,573,15,0,24,41,42,24,16,14,0,0,0,0,0,0,57,4350,11,0,1,2,13,3,6,3032,1726,86,13,85,137,166,82,73,47,0,0,0,0,0,0
Pape Souare, Senegal,D,0,0,0,0,0,0,0,0,0,0,0,0,0,0,0,0,0,0,0,0,0,0,0,0,0,3,269,0,0,0,0,2,0,0,197,97,15,2,10,5,12,0,5,1,0,0,0,0,0,0,3,269,0,0,0,0,2,0,0,197,97,15,2,10,5,12,0,5,1,0,0,0,0,0,0
Patrick van Aanholt, Netherlands,D,28,2185,7,0,5,1,33,11,3,1513,882,56,5,47,47,56,6,5,18,0,0,0,0,0,0,32,2498,3,0,5,1,34,13,6,1699,1001,78,9,58,43,65,10,17,15,0,0,0,0,0,0,60,4683,10,0,10,2,67,24,9,3212,1883,134,14,105,90,121,16,22,33,0,0,0,0,0,0
Paul Pogba, France,M,27,2151,5,1,6,10,76,18,3,2224,1721,28,0,21,33,25,51,30,44,0,0,0,0,0,0,30,2608,7,0,5,4,92,32,3,2841,2178,39,4,33,53,42,83,54,62,0,0,0,0,0,0,57,4759,12,1,11,14,168,50,6,5065,3899,67,4,54,86,67,134,84,106,0,0,0,0,0,0
Pedro, Spain,F,31,1523,1,0,4,2,56,20,15,966,654,46,1,13,20,6,0,18,9,0,0,0,0,0,0,35,2151,6,0,9,9,59,17,8,1446,947,72,1,21,48,11,7,21,33,0,0,0,0,0,0,66,3674,7,0,13,11,115,37,23,2412,1601,118,2,34,68,17,7,39,42,0,0,0,0,0,0
Pedro Obiang, Spain,M,21,1562,3,0,2,0,13,5,0,1040,757,8,16,24,53,19,20,27,27,0,0,0,0,0,0,22,1766,7,0,1,1,9,2,0,1208,911,8,7,33,61,29,22,24,27,0,0,0,0,0,0,43,3328,10,0,3,1,22,7,0,2248,1668,16,23,57,114,48,42,51,54,0,0,0,0,0,0
Per Mertesacker, Germany,D,6,365,0,0,1,0,2,2,0,294,247,0,3,6,2,21,23,7,2,0,0,0,0,0,0,1,37,0,0,0,0,0,0,0,16,8,0,2,1,2,2,1,0,0,0,0,0,0,0,0,7,402,0,0,1,0,2,2,0,310,255,0,5,7,4,23,24,7,2,0,0,0,0,0,0
Peter Crouch, England,F,31,1555,4,0,5,2,23,9,14,811,634,3,4,1,2,31,243,132,40,0,0,0,0,0,0,27,1335,3,0,7,2,37,16,7,706,496,0,4,3,4,26,171,70,26,0,0,0,0,0,0,58,2890,7,0,12,4,60,25,21,1517,1130,3,8,4,6,57,414,202,66,0,0,0,0,0,0
Petr Cech, Czech Republic,GK,34,3040,1,0,0,0,0,0,0,1227,811,0,0,0,1,44,15,1,0,11,48,91,20,33,225,35,3098,2,0,0,0,0,0,0,1228,844,0,0,1,0,18,5,0,3,12,37,115,10,31,252,69,6138,3,0,0,0,0,0,0,2455,1655,0,0,1,1,62,20,1,3,23,85,206,30,64,477
Phil Bardsley, Scotland,D,13,1125,5,0,0,0,2,2,0,784,418,19,6,22,17,66,29,27,22,0,0,0,0,0,0,15,1170,4,1,0,0,11,2,0,740,397,28,6,27,32,27,8,16,25,0,0,0,0,0,0,28,2295,9,1,0,0,13,4,0,1524,815,47,12,49,49,93,37,43,47,0,0,0,0,0,0
Phil Jagielka, England,D,25,2065,2,0,0,0,7,2,0,1334,966,4,20,39,33,177,67,42,8,0,0,0,0,0,0,27,2249,4,0,3,2,14,6,0,1632,1216,1,24,41,43,208,90,54,13,0,0,0,0,0,0,52,4314,6,0,3,2,21,8,0,2966,2182,5,44,80,76,385,157,96,21,0,0,0,0,0,0
Phil Jones, England,D,23,1975,2,0,0,0,2,0,0,1379,1083,2,17,41,25,129,57,22,10,0,0,0,0,0,0,18,1585,2,0,0,0,3,0,0,1059,791,1,16,27,34,138,46,21,9,0,0,0,0,0,0,41,3560,4,0,0,0,5,0,0,2438,1874,3,33,68,59,267,103,43,19,0,0,0,0,0,0
Pierre-Emile Hojbjerg, Denmark,M,0,0,0,0,0,0,0,0,0,0,0,0,0,0,0,0,0,0,0,0,0,0,0,0,0,22,1299,2,0,0,0,28,4,0,1312,1001,20,5,33,44,25,17,12,19,0,0,0,0,0,0,22,1299,2,0,0,0,28,4,0,1312,1001,20,5,33,44,25,17,12,19,0,0,0,0,0,0
Ragnar Klavan, Estonia,D,19,1449,0,0,1,0,1,1,0,1379,1198,1,5,15,14,82,39,40,7,0,0,0,0,0,0,20,1408,3,0,0,0,4,2,0,1125,938,1,9,14,25,92,38,33,15,0,0,0,0,0,0,39,2857,3,0,1,0,5,3,0,2504,2136,2,14,29,39,174,77,73,22,0,0,0,0,0,0
Raheem Sterling, England,F,33,2592,3,1,18,11,87,35,19,1719,1170,39,0,9,19,7,8,24,39,0,0,0,0,0,0,33,2515,7,0,7,6,64,22,16,1650,1033,84,1,16,24,3,12,27,36,0,0,0,0,0,0,66,5107,10,1,25,17,151,57,35,3369,2203,123,1,25,43,10,20,51,75,0,0,0,0,0,0
Ramadan Sobhi, Egypt,M,24,1234,2,0,2,0,13,6,3,673,421,16,0,14,32,12,11,17,14,0,0,0,0,0,0,17,848,2,0,0,1,4,1,3,469,299,7,1,8,22,0,3,8,10,0,0,0,0,0,0,41,2082,4,0,2,1,17,7,6,1142,720,23,1,22,54,12,14,25,24,0,0,0,0,0,0
Ramiro Funes Mori, Argentina,D,4,119,1,0,0,0,1,0,0,78,54,0,1,3,0,14,7,4,3,0,0,0,0,0,0,23,1539,0,0,0,1,12,2,1,1065,794,5,8,31,26,111,46,27,10,0,0,0,0,0,0,27,1658,1,0,0,1,13,2,1,1143,848,5,9,34,26,125,53,31,13,0,0,0,0,0,0
Riyad Mahrez, Algeria,M,36,2960,2,0,12,10,73,36,10,2104,1276,158,1,18,39,9,28,52,23,0,0,0,0,0,0,36,2835,4,0,6,3,76,29,8,1869,1065,154,2,29,36,15,22,59,25,0,0,0,0,0,0,72,5795,6,0,18,13,149,65,18,3973,2341,312,3,47,75,24,50,111,48,0,0,0,0,0,0
Rob Holding, England,D,12,820,3,0,0,0,1,0,0,748,603,0,10,21,19,39,28,20,9,0,0,0,0,0,0,9,810,3,0,0,0,5,2,0,591,465,2,6,10,12,47,27,19,10,0,0,0,0,0,0,21,1630,6,0,0,0,6,2,0,1339,1068,2,16,31,31,86,55,39,19,0,0,0,0,0,0
Robbie Brady, Ireland,M,15,1279,3,0,1,2,24,6,3,794,454,123,3,7,32,25,9,12,20,0,0,0,0,0,0,14,716,1,0,1,2,19,3,0,432,222,62,2,11,21,7,9,7,8,0,0,0,0,0,0,29,1995,4,0,2,4,43,9,3,1226,676,185,5,18,53,32,18,19,28,0,0,0,0,0,0
Roberto Firmino, Brazil,F,37,2776,1,0,15,7,84,38,13,1754,1169,43,2,18,65,9,46,136,57,0,0,0,0,0,0,35,3068,5,0,11,7,100,45,19,2251,1543,60,3,26,58,14,64,142,51,0,0,0,0,0,0,72,5844,6,0,26,14,184,83,32,4005,2712,103,5,44,123,23,110,278,108,0,0,0,0,0,0
Roberto Pereyra, Argentina,M,32,1622,3,0,5,2,33,13,2,1028,676,49,0,9,10,3,3,17,18,0,0,0,0,0,0,13,1040,2,0,2,2,9,4,2,612,420,32,0,8,8,3,2,5,8,0,0,0,0,0,0,45,2662,5,0,7,4,42,17,4,1640,1096,81,0,17,18,6,5,22,26,0,0,0,0,0,0
Romelu Lukaku, Belgium,F,34,2869,4,0,16,7,86,43,18,1128,721,36,2,3,7,21,109,100,31,0,0,0,0,0,0,37,3267,3,0,25,6,110,55,36,1517,965,45,4,0,9,27,136,185,33,0,0,0,0,0,0,71,6136,7,0,41,13,196,98,54,2645,1686,81,6,3,16,48,245,285,64,0,0,0,0,0,0
Ross Barkley, England,M,2,131,0,0,0,0,2,1,0,73,50,2,1,0,0,1,2,2,1,0,0,0,0,0,0,36,2905,5,0,5,8,89,30,8,2320,1651,113,6,10,30,35,42,40,49,0,0,0,0,0,0,38,3036,5,0,5,8,91,31,8,2393,1701,115,7,10,30,36,44,42,50,0,0,0,0,0,0
Ruben Loftus-Cheek, England,M,24,1875,1,0,2,3,32,7,3,1183,723,12,2,22,21,26,32,55,17,0,0,0,0,0,0,6,31,0,0,0,0,1,1,0,38,25,0,0,0,1,1,1,0,2,0,0,0,0,0,0,30,1906,1,0,2,3,33,8,3,1221,748,12,2,22,22,27,33,55,19,0,0,0,0,0,0
Ryan Bertrand, England,D,35,3136,2,0,0,4,20,3,1,2357,1480,136,9,44,48,60,44,52,32,0,0,0,0,0,0,28,2508,3,0,2,4,19,6,2,2040,1307,99,10,45,37,46,42,44,24,0,0,0,0,0,0,63,5644,5,0,2,8,39,9,3,4397,2787,235,19,89,85,106,86,96,56,0,0,0,0,0,0
Ryan Fraser, Scotland,M,26,2009,0,0,5,3,30,12,1,1268,816,138,4,17,11,29,9,26,6,0,0,0,0,0,0,28,1767,3,0,3,5,24,12,2,1075,670,122,1,10,15,15,5,17,18,0,0,0,0,0,0,54,3776,3,0,8,8,54,24,3,2343,1486,260,5,27,26,44,14,43,24,0,0,0,0,0,0
Ryan Shawcross, England,D,27,2372,2,0,1,1,24,8,4,1088,665,0,23,40,36,215,154,79,26,0,0,0,0,0,0,35,3150,6,0,1,1,20,7,2,1492,996,1,32,58,46,227,129,73,34,0,0,0,0,0,0,62,5522,8,0,2,2,44,15,6,2580,1661,1,55,98,82,442,283,152,60,0,0,0,0,0,0
Sadio Mane, Senegal,F,0,0,0,0,0,0,0,0,0,0,0,0,0,0,0,0,0,0,0,0,0,0,0,0,0,27,2240,4,0,13,5,57,24,13,1562,1020,41,0,8,23,10,42,75,32,0,0,0,0,0,0,27,2240,4,0,13,5,57,24,13,1562,1020,41,0,8,23,10,42,75,32,0,0,0,0,0,0
Saido Berahino, England,F,15,485,0,0,0,1,10,4,4,154,95,4,1,1,2,2,6,19,6,0,0,0,0,0,0,17,966,1,0,0,0,19,9,8,285,168,1,1,1,9,2,4,29,20,0,0,0,0,0,0,32,1451,1,0,0,1,29,13,12,439,263,5,2,2,11,4,10,48,26,0,0,0,0,0,0
Salomon Rondon, Venezuela,F,0,0,0,0,0,0,0,0,0,0,0,0,0,0,0,0,0,0,0,0,0,0,0,0,0,38,2895,2,0,8,2,94,26,29,1303,722,9,2,7,18,41,107,216,41,0,0,0,0,0,0,38,2895,2,0,8,2,94,26,29,1303,722,9,2,7,18,41,107,216,41,0,0,0,0,0,0
Sam Byram, England,D,5,247,1,0,0,0,4,0,1,177,84,10,2,9,9,13,13,8,4,0,0,0,0,0,0,18,1247,5,1,0,1,8,0,2,822,435,27,4,42,24,59,23,22,21,0,0,0,0,0,0,23,1494,6,1,0,1,12,0,3,999,519,37,6,51,33,72,36,30,25,0,0,0,0,0,0
Sam Clucas, England,M,29,2042,2,0,3,1,19,7,3,1112,786,55,7,29,34,30,37,36,10,0,0,0,0,0,0,37,3188,9,1,3,1,42,7,1,2118,1537,62,9,54,89,66,39,38,22,0,0,0,0,0,0,66,5230,11,1,6,2,61,14,4,3230,2323,117,16,83,123,96,76,74,32,0,0,0,0,0,0
Sam Field, England,M,10,539,3,0,1,0,5,1,0,262,166,8,1,11,14,7,8,9,11,0,0,0,0,0,0,8,276,2,0,0,0,1,0,0,140,105,7,0,4,5,1,3,3,5,0,0,0,0,0,0,18,815,5,0,1,0,6,1,0,402,271,15,1,15,19,8,11,12,16,0,0,0,0,0,0
Sam McQueen, England,D,7,142,0,0,0,0,1,0,1,100,63,4,1,3,4,3,0,1,0,0,0,0,0,0,0,13,608,0,0,0,0,1,0,0,516,301,37,4,15,16,25,21,11,3,0,0,0,0,0,0,20,750,0,0,0,0,2,0,1,616,364,41,5,18,20,28,21,12,3,0,0,0,0,0,0
Sam Vokes, Wales,F,30,980,3,0,4,1,33,8,12,409,265,1,2,3,3,14,124,98,20,0,0,0,0,0,0,37,2055,0,0,10,3,57,23,23,887,602,7,8,5,7,31,212,209,24,0,0,0,0,0,0,67,3035,3,0,14,4,90,31,35,1296,867,8,10,8,10,45,336,307,44,0,0,0,0,0,0
Scott Arfield, Canada,M,18,1335,3,0,2,1,18,7,1,578,353,8,1,12,36,20,12,31,21,0,0,0,0,0,0,31,2104,3,0,1,0,44,7,3,1043,621,70,7,33,36,27,23,41,37,0,0,0,0,0,0,49,3439,6,0,3,1,62,14,4,1621,974,78,8,45,72,47,35,72,58,0,0,0,0,0,0
Scott Dann, England,D,17,1435,4,0,1,0,19,5,2,768,566,2,14,23,10,97,49,33,12,0,0,0,0,0,0,23,1744,2,0,3,1,21,10,0,848,608,3,19,32,17,102,68,52,14,0,0,0,0,0,0,40,3179,6,0,4,1,40,15,2,1616,1174,5,33,55,27,199,117,85,26,0,0,0,0,0,0
Scott McTominay, Scotland,M,13,629,2,0,0,0,1,0,0,436,343,4,0,13,11,9,12,10,7,0,0,0,0,0,0,2,96,1,0,0,0,1,1,0,70,57,1,1,2,0,3,1,2,2,0,0,0,0,0,0,15,725,3,0,0,0,2,1,0,506,400,5,1,15,11,12,13,12,9,0,0,0,0,0,0
Seamus Coleman, Ireland,D,12,1035,0,0,0,1,5,2,0,681,357,28,12,10,14,23,14,11,3,0,0,0,0,0,0,26,2317,3,0,4,3,18,8,4,1698,920,92,17,29,53,68,20,22,18,0,0,0,0,0,0,38,3352,3,0,4,4,23,10,4,2379,1277,120,29,39,67,91,34,33,21,0,0,0,0,0,0
Sebastian Prodl, Austria,D,0,0,0,0,0,0,0,0,0,0,0,0,0,0,0,0,0,0,0,0,0,0,0,0,0,33,2771,10,0,1,1,22,7,0,1475,1070,3,32,52,36,183,62,36,44,0,0,0,0,0,0,33,2771,10,0,1,1,22,7,0,1475,1070,3,32,52,36,183,62,36,44,0,0,0,0,0,0
Sergio Aguero, Argentina,F,0,0,0,0,0,0,0,0,0,0,0,0,0,0,0,0,0,0,0,0,0,0,0,0,0,31,2403,4,1,20,3,139,53,23,1325,771,17,1,3,18,1,7,30,23,0,0,0,0,0,0,31,2403,4,1,20,3,139,53,23,1325,771,17,1,3,18,1,7,30,23,0,0,0,0,0,0
Sergio Romero, Argentina,GK,1,90,0,0,0,0,0,0,0,30,20,0,0,0,0,0,0,0,0,1,0,3,0,1,7,2,180,0,0,0,0,0,0,0,73,46,0,0,0,0,2,0,0,0,2,0,10,1,4,14,3,270,0,0,0,0,0,0,0,103,66,0,0,0,0,2,0,0,0,3,0,13,1,5,21
Shane Long, Ireland,F,30,1578,6,0,2,1,33,13,14,685,395,21,2,12,25,29,77,113,34,0,0,0,0,0,0,32,1248,2,0,3,1,41,15,12,554,306,24,4,5,12,14,45,64,28,0,0,0,0,0,0,62,2826,8,0,5,2,74,28,26,1239,701,45,6,17,37,43,122,177,62,0,0,0,0,0,0
Shinji Okazaki, Japan,F,27,1328,2,0,6,2,28,16,9,632,386,6,1,8,25,5,31,58,20,0,0,0,0,0,0,30,1572,1,0,3,1,29,9,4,726,438,4,2,12,30,5,26,87,28,0,0,0,0,0,0,57,2900,3,0,9,3,57,25,13,1358,824,10,3,20,55,10,57,145,48,0,0,0,0,0,0
Shkodran Mustafi, Germany,D,27,2274,6,0,3,1,13,6,2,2129,1734,12,15,57,64,171,122,74,26,0,0,0,0,0,0,26,2275,11,0,2,2,24,6,1,1963,1564,20,4,62,54,129,103,61,35,0,0,0,0,0,0,53,4549,17,0,5,3,37,12,3,4092,3298,32,19,119,118,300,225,135,61,0,0,0,0,0,0
Simon Francis, England,D,32,2707,8,1,0,1,13,1,1,2294,1606,78,18,49,49,176,142,75,24,0,0,0,0,0,0,34,2940,4,1,0,1,7,0,0,2325,1656,66,19,53,62,219,115,80,27,0,0,0,0,0,0,66,5647,12,2,0,2,20,1,1,4619,3262,144,37,102,111,395,257,155,51,0,0,0,0,0,0
Simon Mignolet, Belgium,GK,19,1710,3,0,0,0,0,0,0,677,498,0,0,0,2,13,4,0,2,7,24,36,8,15,101,28,2520,0,0,0,0,0,0,0,1077,806,0,0,1,0,28,19,1,0,9,30,53,22,31,173,47,4230,3,0,0,0,0,0,0,1754,1304,0,0,1,2,41,23,1,2,16,54,89,30,46,274
Sofiane Boufal, Morocco,M,26,1213,1,0,2,2,30,6,2,932,532,40,1,6,37,6,6,13,27,0,0,0,0,0,0,24,1101,5,0,1,0,25,7,1,917,508,34,1,5,38,3,10,13,25,0,0,0,0,0,0,50,2314,6,0,3,2,55,13,3,1849,1040,74,2,11,75,9,16,26,52,0,0,0,0,0,0
Son Heung-Min, South Korea,F,37,2309,0,0,12,6,75,33,25,1402,916,51,0,10,17,9,3,13,15,0,0,0,0,0,0,34,2068,2,0,14,6,80,33,22,1265,775,62,1,7,19,6,10,23,9,0,0,0,0,0,0,71,4377,2,0,26,12,155,66,47,2667,1691,113,1,17,36,15,13,36,24,0,0,0,0,0,0
Stefano Okaka, Italy,F,15,445,2,0,1,1,10,3,4,257,154,1,0,0,6,0,22,30,21,0,0,0,0,0,0,19,954,5,0,4,0,27,12,11,446,230,5,1,1,12,10,40,53,30,0,0,0,0,0,0,34,1399,7,0,5,1,37,15,15,703,384,6,1,1,18,10,62,83,51,0,0,0,0,0,0
Stephen Ward, Ireland,D,28,2462,1,0,1,1,6,1,3,1627,923,82,12,42,39,102,59,28,11,0,0,0,0,0,0,37,3232,5,0,1,1,7,1,0,2122,1130,111,16,74,70,153,64,57,35,0,0,0,0,0,0,65,5694,6,0,2,2,13,2,3,3749,2053,193,28,116,109,255,123,85,46,0,0,0,0,0,0
Steve Cook, England,D,34,2766,5,0,2,1,22,6,1,1871,1321,6,45,54,37,225,137,68,22,0,0,0,0,0,0,38,3420,5,0,2,0,29,9,0,2426,1716,13,39,76,46,352,145,74,16,0,0,0,0,0,0,72,6186,10,0,4,1,51,15,1,4297,3037,19,84,130,83,577,282,142,38,0,0,0,0,0,0
Steven Davis, Northern Ireland,M,23,1521,0,0,3,0,13,4,3,1279,1044,42,6,15,30,23,14,26,8,0,0,0,0,0,0,32,2644,3,0,0,3,31,6,1,2161,1716,69,11,23,54,45,11,29,18,0,0,0,0,0,0,55,4165,3,0,3,3,44,10,4,3440,2760,111,17,38,84,68,25,55,26,0,0,0,0,0,0
Steven Defour, Belgium,M,24,2008,6,0,1,1,19,7,0,1301,1016,35,7,46,33,18,5,13,13,0,0,0,0,0,0,21,1078,1,0,1,3,8,6,2,741,518,68,4,32,19,11,1,10,14,0,0,0,0,0,0,45,3086,7,0,2,4,27,13,2,2042,1534,103,11,78,52,29,6,23,27,0,0,0,0,0,0
Sullay Kaikai, England,M,1,13,0,0,0,0,0,0,0,14,6,2,0,0,1,1,0,1,0,0,0,0,0,0,0,1,23,0,0,0,0,0,0,0,15,10,2,0,0,1,0,0,1,0,0,0,0,0,0,0,2,36,0,0,0,0,0,0,0,29,16,4,0,0,2,1,0,2,0,0,0,0,0,0,0
Theo Walcott, England,F,20,1216,2,0,3,3,19,9,12,610,326,48,0,9,28,11,7,19,7,0,0,0,0,0,0,28,1925,1,0,10,2,62,29,17,954,538,49,1,13,36,13,21,39,14,0,0,0,0,0,0,48,3141,3,0,13,5,81,38,29,1564,864,97,1,22,64,24,28,58,21,0,0,0,0,0,0
Thibaut Courtois, Belgium,GK,35,3150,2,0,0,0,0,0,0,1338,983,0,0,0,0,17,4,1,2,15,34,76,9,26,248,36,3240,1,0,0,0,0,0,0,1097,792,0,0,0,0,23,7,0,1,16,28,68,18,38,224,71,6390,3,0,0,0,0,0,0,2435,1775,0,0,0,0,40,11,1,3,31,62,144,27,64,472
Timothy Fosu-Mensah, Netherlands,D,21,1594,2,0,0,0,8,0,0,992,612,17,9,31,42,66,19,22,18,0,0,0,0,0,0,4,96,0,0,0,0,1,0,0,60,41,0,0,2,5,4,1,3,3,0,0,0,0,0,0,25,1690,2,0,0,0,9,0,0,1052,653,17,9,33,47,70,20,25,21,0,0,0,0,0,0
Toby Alderweireld, Belgium,D,14,1177,3,0,0,0,10,1,0,1059,915,7,5,4,19,50,14,29,8,0,0,0,0,0,0,30,2604,1,0,1,0,28,9,0,1875,1522,6,21,26,41,162,42,45,9,0,0,0,0,0,0,44,3781,4,0,1,0,38,10,0,2934,2437,13,26,30,60,212,56,74,17,0,0,0,0,0,0
Tom Carroll, England,M,37,2569,3,0,0,4,20,3,1,1864,1444,129,8,29,53,15,11,21,23,0,0,0,0,0,0,18,1389,1,0,1,2,9,2,0,1008,796,38,3,20,30,8,5,10,13,0,0,0,0,0,0,55,3958,4,0,1,6,29,5,1,2872,2240,167,11,49,83,23,16,31,36,0,0,0,0,0,0
Tom Cleverley, England,M,23,1905,1,1,1,2,16,3,1,1454,1137,82,1,25,48,19,24,42,33,0,0,0,0,0,0,27,1843,4,0,0,2,10,4,0,1157,857,60,6,31,42,21,4,21,23,0,0,0,0,0,0,50,3748,5,1,1,4,26,7,1,2611,1994,142,7,56,90,40,28,63,56,0,0,0,0,0,0
Tom Davies, England,M,33,1901,7,0,2,1,21,3,3,1032,691,17,5,24,30,17,19,36,38,0,0,0,0,0,0,24,1543,4,0,2,3,14,5,4,1059,783,11,5,18,36,10,10,26,25,0,0,0,0,0,0,57,3444,11,0,4,4,35,8,7,2091,1474,28,10,42,66,27,29,62,63,0,0,0,0,0,0
Tom Heaton, England,GK,4,306,0,0,0,0,0,0,0,131,94,0,0,0,0,1,1,0,0,0,4,8,1,2,32,35,3150,1,0,0,0,0,0,0,1466,1127,0,0,1,0,14,6,1,0,10,48,141,12,27,317,39,3456,1,0,0,0,0,0,0,1597,1221,0,0,1,0,15,7,1,0,10,52,149,13,29,349
Trent Alexander-Arnold, England,D,19,1575,3,0,1,1,12,5,3,1539,1007,102,5,28,37,39,5,17,12,0,0,0,0,0,0,7,165,0,0,0,0,3,2,0,137,71,6,1,3,4,11,0,1,1,0,0,0,0,0,0,26,1740,3,0,1,1,15,7,3,1676,1078,108,6,31,41,50,5,18,13,0,0,0,0,0,0
Troy Deeney, England,F,29,1841,1,1,5,2,36,15,16,761,542,7,1,5,15,20,135,186,24,0,0,0,0,0,0,37,2941,7,0,10,4,42,18,19,1229,841,16,4,14,20,50,192,268,43,0,0,0,0,0,0,66,4782,8,1,15,6,78,33,35,1990,1383,23,5,19,35,70,327,454,67,0,0,0,0,0,0
Tyrone Mings, England,D,4,202,1,0,0,0,1,0,0,143,113,1,2,6,1,13,2,2,2,0,0,0,0,0,0,7,506,0,0,0,0,1,1,0,395,303,1,5,5,10,40,14,14,7,0,0,0,0,0,0,11,708,1,0,0,0,2,1,0,538,416,2,7,11,11,53,16,16,9,0,0,0,0,0,0
Victor Moses, Nigeria,M,28,2118,3,0,3,3,35,11,9,1449,833,90,4,15,37,31,28,42,23,0,0,0,0,0,0,34,2494,4,0,3,2,45,15,3,1814,1010,120,7,41,47,48,35,57,28,0,0,0,0,0,0,62,4612,7,0,6,5,80,26,12,3263,1843,210,11,56,84,79,63,99,51,0,0,0,0,0,0
Victor Wanyama, Kenya,M,18,839,2,0,1,0,12,3,0,787,617,2,3,10,30,20,18,15,13,0,0,0,0,0,0,36,3015,10,0,4,1,40,13,0,2464,1971,14,9,40,90,69,62,61,66,0,0,0,0,0,0,54,3854,12,0,5,1,52,16,0,3251,2588,16,12,50,120,89,80,76,79,0,0,0,0,0,0
Vincent Janssen, Netherlands,F,1,1,0,0,0,0,0,0,0,0,0,0,0,0,0,0,0,1,1,0,0,0,0,0,0,27,832,0,0,2,2,30,14,8,409,225,10,0,2,15,2,3,14,31,0,0,0,0,0,0,28,833,0,0,2,2,30,14,8,409,225,10,0,2,15,2,3,15,32,0,0,0,0,0,0
Vincent Kompany, Belgium,D,17,1396,6,0,1,1,9,2,0,1579,1429,0,8,16,20,71,42,12,18,0,0,0,0,0,0,11,823,5,0,3,0,9,3,0,667,557,1,3,16,15,42,19,9,19,0,0,0,0,0,0,28,2219,11,0,4,1,18,5,0,2246,1986,1,11,32,35,113,61,21,37,0,0,0,0,0,0
Virgil van Dijk, Netherlands,D,26,2253,1,0,0,0,27,6,0,2118,1770,1,15,47,25,157,139,51,14,0,0,0,0,0,0,21,1854,3,0,1,0,17,5,0,1313,980,0,15,54,39,142,98,32,18,0,0,0,0,0,0,47,4107,4,0,1,0,44,11,0,3431,2750,1,30,101,64,299,237,83,32,0,0,0,0,0,0
Wayne Hennessey, Wales,GK,27,2430,1,0,0,0,0,0,0,937,689,0,0,2,0,15,10,0,0,7,41,91,10,31,227,29,2610,1,0,0,0,0,0,0,1062,809,0,0,0,0,15,6,0,0,7,46,84,7,50,267,56,5040,2,0,0,0,0,0,0,1999,1498,0,0,2,0,30,16,0,0,14,87,175,17,81,494
Wayne Rooney, England,F,31,2282,5,0,10,2,45,17,8,1566,1162,62,6,16,28,36,25,34,35,0,0,0,0,0,0,25,1539,8,0,5,5,52,19,7,1132,779,97,3,17,21,10,12,36,23,0,0,0,0,0,0,56,3821,13,0,15,7,97,36,15,2698,1941,159,9,33,49,46,37,70,58,0,0,0,0,0,0
Wayne Routledge, England,M,15,423,1,0,0,0,5,2,0,243,160,15,0,2,10,4,5,9,9,0,0,0,0,0,0,27,1927,1,0,3,1,19,9,9,948,561,82,0,15,22,19,12,43,28,0,0,0,0,0,0,42,2350,2,0,3,1,24,11,9,1191,721,97,0,17,32,23,17,52,37,0,0,0,0,0,0
Wes Morgan, Jamaica,D,32,2818,4,0,0,0,13,3,1,1259,913,0,27,31,35,143,93,58,31,0,0,0,0,0,0,27,2430,3,0,1,0,14,3,1,979,653,0,25,52,27,141,65,45,20,0,0,0,0,0,0,59,5248,7,0,1,0,27,6,2,2238,1566,0,52,83,62,284,158,103,51,0,0,0,0,0,0
Wilfred Ndidi, Nigeria,M,33,2899,6,2,0,3,41,6,1,2312,1684,9,10,50,138,95,117,75,60,0,0,0,0,0,0,17,1522,0,0,2,1,31,6,1,998,689,3,5,36,68,55,59,77,27,0,0,0,0,0,0,50,4421,6,2,2,4,72,12,2,3310,2373,12,15,86,206,150,176,152,87,0,0,0,0,0,0
Wilfried Bony, Cote D'Ivoire,F,15,704,2,0,2,0,20,7,2,329,208,0,1,2,5,15,44,59,7,0,0,0,0,0,0,10,690,1,0,2,0,21,5,2,339,212,1,1,3,5,10,24,34,11,0,0,0,0,0,0,25,1394,3,0,4,0,41,12,4,668,420,1,2,5,10,25,68,93,18,0,0,0,0,0,0
Wilfried Zaha, Cote D'Ivoire,F,29,2551,5,0,9,3,64,26,19,1427,623,76,0,7,30,1,4,15,45,0,0,0,0,0,0,35,3025,8,0,7,9,49,18,6,1731,696,105,0,34,76,11,13,24,55,0,0,0,0,0,0,64,5576,13,0,16,12,113,44,25,3158,1319,181,0,41,106,12,17,39,100,0,0,0,0,0,0
Willian, Brazil,F,36,1883,1,0,6,7,54,25,5,1416,924,99,1,10,22,9,10,15,10,0,0,0,0,0,0,34,1529,3,0,8,2,44,15,2,1172,777,106,0,7,19,5,1,11,12,0,0,0,0,0,0,70,3412,4,0,14,9,98,40,7,2588,1701,205,1,17,41,14,11,26,22,0,0,0,0,0,0
Willy Caballero, Argentina,GK,3,270,0,0,0,0,0,0,0,114,88,0,0,0,0,5,2,0,0,1,4,7,2,1,15,17,1451,0,0,0,0,0,0,0,532,391,0,0,0,1,15,5,0,0,6,13,31,8,11,79,20,1721,0,0,0,0,0,0,0,646,479,0,0,0,1,20,7,0,0,7,17,38,10,12,94
Winston Reid, New Zealand,D,17,1454,5,0,0,0,5,0,0,874,659,1,14,22,11,101,44,25,14,0,0,0,0,0,0,30,2589,8,0,2,2,11,2,1,1502,983,3,23,82,32,244,55,38,31,0,0,0,0,0,0,47,4043,13,0,2,2,16,2,1,2376,1642,4,37,104,43,345,99,63,45,0,0,0,0,0,0
Xherdan Shaqiri, Switzerland,F,36,3049,5,0,8,7,69,32,15,1735,1055,201,1,16,25,4,5,20,28,0,0,0,0,0,0,21,1707,2,0,4,2,48,10,4,1052,609,131,0,9,11,2,2,5,16,0,0,0,0,0,0,57,4756,7,0,12,9,117,42,19,2787,1664,332,1,25,36,6,7,25,44,0,0,0,0,0,0
Yannick Bolasie, The Democratic Republic Of Congo,F,16,854,0,0,1,0,19,7,4,440,210,53,0,4,8,7,12,10,12,0,0,0,0,0,0,14,1052,3,0,1,4,27,6,3,606,291,84,2,3,18,8,17,19,24,0,0,0,0,0,0,30,1906,3,0,2,4,46,13,7,1046,501,137,2,7,26,15,29,29,36,0,0,0,0,0,0
Yaya Toure, Cote D'Ivoire,M,0,0,0,0,0,0,0,0,0,0,0,0,0,0,0,0,0,0,0,0,0,0,0,0,0,25,1947,4,0,5,0,32,15,0,2074,1798,4,4,16,42,39,40,28,26,0,0,0,0,0,0,25,1947,4,0,5,0,32,15,0,2074,1798,4,4,16,42,39,40,28,26,0,0,0,0,0,0
Yohan Benalouane, Tunisia,D,1,90,0,0,0,0,2,1,1,57,27,3,1,1,7,4,2,2,1,0,0,0,0,0,0,11,920,4,0,0,0,4,1,0,314,188,0,5,26,17,56,18,23,15,0,0,0,0,0,0,12,1010,4,0,0,0,6,2,1,371,215,3,6,27,24,60,20,25,16,0,0,0,0,0,0
Yohan Cabaye, France,M,31,2386,7,0,0,1,38,12,1,1856,1293,136,4,79,70,28,6,14,35,0,0,0,0,0,0,32,2132,7,0,4,3,40,11,2,1465,984,109,5,72,60,21,8,12,31,0,0,0,0,0,0,63,4518,14,0,4,4,78,23,3,3321,2277,245,9,151,130,49,14,26,66,0,0,0,0,0,0
Younes Kaboul, France,D,2,151,0,0,0,0,0,0,0,102,76,0,2,2,3,15,8,3,1,0,0,0,0,0,0,23,1915,2,0,2,0,12,4,0,1080,701,13,15,47,37,136,65,35,19,0,0,0,0,0,0,25,2066,2,0,2,0,12,4,0,1182,777,13,17,49,40,151,73,38,20,0,0,0,0,0,0
Zlatan Ibrahimovic, Sweden,F,5,102,0,0,0,0,4,1,2,94,76,2,0,0,2,1,5,2,1,0,0,0,0,0,0,28,2437,7,0,17,5,115,46,37,1413,1041,18,1,10,10,22,83,84,54,0,0,0,0,0,0,33,2539,7,0,17,5,119,47,39,1507,1117,20,1,10,12,23,88,86,55,0,0,0,0,0,0